lat,loc,lon
41.3984761,"Helena, AR",-75.77203279999999
37.7749295,"Helena, AR",-122.4194155
44.9630216,"Helena, AR",-92.9649361
31.9575818,"Helena, AR",-110.955646
33.177294,"Helena, AR",-111.5468301
41.67176480000001,"Helena, AR",-72.9492703
43.4710944,"Helena, AR",-89.74429060000001
40.5142026,"Helena, AR",-88.9906312
39.2776156,"Helena, AR",-74.5746001
33.3061605,"Helena, AR",-111.8412502
40.44062479999999,"Helena, AR",-79.9958864
40.7607793,"Helena, AR",-111.8910474
39.5480789,"Helena, AR",-104.9739333
32.715738,"Helena, AR",-117.1610838
45.9805556,"Helena, AR",-94.36944439999999
39.44033599999999,"Helena, AR",-84.3621634
34.9495672,"Helena, AR",-81.9320482
35.9940329,"Helena, AR",-78.898619
30.3321838,"Helena, AR",-81.65565099999999
30.505198,"Helena, AR",-97.8202888
42.492786,"Helena, AR",-92.34257749999999
43.3465552,"Helena, AR",-73.177286
39.95276339999999,"Helena, AR",-105.1685977
26.6253497,"Helena, AR",-81.6248026
38.2526647,"Helena, AR",-85.7584557
33.6803003,"Helena, AR",-116.173894
42.1290753,"Helena, AR",-83.1445904
36.0956918,"Helena, AR",-79.43779909999999
41.2753589,"Helena, AR",-75.8501955
36.2077288,"Helena, AR",-119.3473379
36.4778428,"Helena, AR",-92.3512705
28.0341847,"Helena, AR",-82.6650992
34.483901,"Helena, AR",-114.3224548
35.4675602,"Helena, AR",-97.5164276
42.0548167,"Helena, AR",-72.7703724
40.6794072,"Helena, AR",-73.8507279
29.9012437,"Helena, AR",-81.31243409999999
40.8964465,"Helena, AR",-78.2205688
39.41539119999999,"Helena, AR",-75.9174417
38.855419,"Helena, AR",-77.0521289
48.01509799999999,"Helena, AR",-122.0637425
39.6345259,"Helena, AR",-79.9697862
44.51915899999999,"Helena, AR",-88.019826
40.2453741,"Helena, AR",-75.6496302
37.2709704,"Helena, AR",-79.9414266
30.267153,"Helena, AR",-97.7430608
40.6916132,"Helena, AR",-112.0010501
40.7607793,"Helena, AR",-111.8910474
27.950575,"Helena, AR",-82.4571776
36.1539816,"Helena, AR",-95.99277500000001
39.9525839,"Helena, AR",-75.1652215
39.5359406,"Helena, AR",-76.34829309999999
42.1200456,"Helena, AR",-85.532775
43.0389025,"Helena, AR",-87.9064736
38.9917797,"Helena, AR",-74.8148894
37.9577016,"Helena, AR",-121.2907796
41.5772115,"Helena, AR",-93.711332
33.296224,"Helena, AR",-86.8436004
45.5230622,"Helena, AR",-122.6764815
34.7137729,"Helena, AR",-77.2452328
38.2975381,"Helena, AR",-122.286865
33.4483771,"Helena, AR",-112.0740373
42.4625362,"Helena, AR",-83.1040912
39.6136578,"Helena, AR",-86.10665259999999
35.4397037,"Helena, AR",-89.81772079999999
21.3420741,"Helena, AR",-157.9642869
40.69933030000001,"Helena, AR",-99.0816784
40.3275697,"Helena, AR",-80.0394977
42.3369816,"Helena, AR",-83.27326269999999
41.3832162,"Helena, AR",-71.64187439999999
35.2270869,"Helena, AR",-80.8431267
35.4325849,"Helena, AR",-93.6154676
34.1321631,"Helena, AR",-84.30066599999999
30.4196584,"Helena, AR",-83.30042159999999
28.7030519,"Helena, AR",-81.3384011
36.6770111,"Helena, AR",-93.8688109
28.5383355,"Helena, AR",-81.3792365
41.394817,"Helena, AR",-73.4540111
44.9428975,"Helena, AR",-123.0350963
42.2917069,"Helena, AR",-85.5872286
36.1699412,"Helena, AR",-115.1398296
41.9211423,"Helena, AR",-87.8092266
46.7162136,"Helena, AR",-122.9542972
45.6318397,"Helena, AR",-122.6716063
36.595141,"Helena, AR",-82.1888089
44.8006775,"Helena, AR",-122.7945333
46.87871759999999,"Helena, AR",-113.996586
42.8564917,"Helena, AR",-85.38046949999999
36.1988592,"Helena, AR",-115.1175013
33.5206608,"Helena, AR",-86.80248999999999
42.3709299,"Helena, AR",-71.1828321
33.9533487,"Helena, AR",-117.3961564
34.1477849,"Helena, AR",-118.1445155
38.9736392,"Helena, AR",-92.74324179999999
40.5865396,"Helena, AR",-122.3916754
40.5642068,"Helena, AR",-90.2765127
41.3174524,"Helena, AR",-81.50477719999999
41.3073102,"Helena, AR",-75.3199035
39.6618814,"Helena, AR",-86.1166506
33.6890603,"Helena, AR",-78.8866943
33.7700504,"Helena, AR",-118.1937395
33.7489954,"Helena, AR",-84.3879824
38.9989499,"Helena, AR",-84.62661109999999
43.2239229,"Helena, AR",-77.1861277
43.5072317,"Helena, AR",-86.3475717
39.9508733,"Helena, AR",-86.261937
40.6668916,"Helena, AR",-111.8879909
43.0481221,"Helena, AR",-76.14742439999999
35.0853336,"Helena, AR",-106.6055534
39.2903848,"Helena, AR",-76.6121893
41.93752629999999,"Helena, AR",-96.47311409999999
29.7604267,"Helena, AR",-95.3698028
45.2309536,"Helena, AR",-122.7559267
39.7392358,"Helena, AR",-104.990251
36.3341373,"Helena, AR",-86.7119033
41.9164343,"Helena, AR",-83.3977101
42.5972563,"Helena, AR",-82.8779754
45.7832856,"Helena, AR",-108.5006904
29.5821811,"Helena, AR",-95.76078319999999
39.9611755,"Helena, AR",-82.99879419999999
28.6988853,"Helena, AR",-81.30812259999999
43.0730517,"Helena, AR",-89.4012302
26.9761707,"Helena, AR",-82.09064479999999
42.9522221,"Helena, AR",-92.5386382
47.9789848,"Helena, AR",-122.2020795
39.7294319,"Helena, AR",-104.8319195
32.8951262,"Helena, AR",-97.5458565
41.1947018,"Helena, AR",-74.49379429999999
30.1085368,"Helena, AR",-92.1245688
33.9616801,"Helena, AR",-118.3531311
21.3875264,"Helena, AR",-158.1610274
32.5594732,"Helena, AR",-116.9734685
35.1168131,"Helena, AR",-80.72368039999999
43.3058368,"Helena, AR",-100.6581944
33.9244531,"Helena, AR",-84.8413056
39.9112028,"Helena, AR",-77.5499888
37.9779776,"Helena, AR",-122.0310733
38.8048355,"Helena, AR",-77.0469214
29.6516344,"Helena, AR",-82.32482619999999
39.3342744,"Helena, AR",-76.4394056
41.3621503,"Helena, AR",-89.0418249
40.2859203,"Helena, AR",-74.348582
47.4668384,"Helena, AR",-122.3405305
34.0522342,"Helena, AR",-118.2436849
47.76095,"Helena, AR",-122.2055884
47.1853785,"Helena, AR",-122.2928974
26.5628537,"Helena, AR",-81.9495331
34.6182199,"Helena, AR",-79.0086424
37.4635519,"Helena, AR",-122.4285862
34.1867623,"Helena, AR",-85.1746725
28.0836269,"Helena, AR",-80.60810889999999
38.7309378,"Helena, AR",-90.3889622
41.4339484,"Helena, AR",-79.7064413
47.7443867,"Helena, AR",-93.6540847
40.3930973,"Helena, AR",-90.1548421
34.0194543,"Helena, AR",-118.4911912
33.6971468,"Helena, AR",-117.185294
33.7742692,"Helena, AR",-117.9379952
44.5459679,"Helena, AR",-69.6203137
41.8712103,"Helena, AR",-71.5520069
42.2625932,"Helena, AR",-71.8022934
42.3222599,"Helena, AR",-83.17631449999999
40.336419,"Helena, AR",-74.43304739999999
40.6572331,"Helena, AR",-75.4985521
39.0634129,"Helena, AR",-81.3951198
41.11774399999999,"Helena, AR",-73.4081575
34.0252164,"Helena, AR",-118.2220544
40.7091121,"Helena, AR",-112.1016088
39.2190608,"Helena, AR",-121.0610606
42.331427,"Helena, AR",-83.0457538
38.9108408,"Helena, AR",-94.3821724
37.9746458,"Helena, AR",-122.5616448
44.6365107,"Helena, AR",-123.1059282
36.0395247,"Helena, AR",-114.9817213
31.9120215,"Helena, AR",-111.881234
43.106456,"Helena, AR",-76.21770459999999
33.3992217,"Helena, AR",-110.8687232
33.177294,"Helena, AR",-111.5468301
40.8991963,"Helena, AR",-73.3678388
39.0638705,"Helena, AR",-108.5506486
32.8283909,"Helena, AR",-117.1441227
35.9131996,"Helena, AR",-79.0558445
33.95260200000001,"Helena, AR",-84.5499327
26.640628,"Helena, AR",-81.8723084
44.0520691,"Helena, AR",-123.0867536
41.3071645,"Helena, AR",-111.9602196
34.09611110000001,"Helena, AR",-118.1058333
40.739097,"Helena, AR",-114.073345
39.0997265,"Helena, AR",-94.5785667
37.5111596,"Helena, AR",-94.8380215
33.609725,"Helena, AR",-84.2873662
39.3456484,"Helena, AR",-79.9420176
44.2163337,"Helena, AR",-73.59044779999999
39.6535988,"Helena, AR",-105.1910996
41.9584457,"Helena, AR",-70.6672621
40.9167654,"Helena, AR",-74.17181099999999
43.2128473,"Helena, AR",-75.4557303
38.9710823,"Helena, AR",-109.713735
42.60111939999999,"Helena, AR",-89.6384532
39.8366528,"Helena, AR",-105.0372046
40.41602779999999,"Helena, AR",-116.5764745
33.6845673,"Helena, AR",-117.8265049
41.2220253,"Helena, AR",-75.9347113
33.857328,"Helena, AR",-84.0199108
40.7256524,"Helena, AR",-75.39406989999999
44.36722220000001,"Helena, AR",-124.0911111
26.2378597,"Helena, AR",-80.1247667
42.2548238,"Helena, AR",-84.20395429999999
41.352597,"Helena, AR",-73.0084385
42.7925777,"Helena, AR",-73.6812293
42.1225482,"Helena, AR",-72.2005059
40.5736784,"Helena, AR",-80.2356156
42.8972624,"Helena, AR",-77.4214278
40.7766616,"Helena, AR",-75.5393155
42.4084302,"Helena, AR",-71.0119948
41.878711,"Helena, AR",-71.38255579999999
37.4946568,"Helena, AR",-120.8465941
33.1580933,"Helena, AR",-117.3505939
40.7670427,"Helena, AR",-72.9962189
32.3199396,"Helena, AR",-106.7636538
42.5834228,"Helena, AR",-71.8022955
45.4562158,"Helena, AR",-123.8440137
39.5820026,"Helena, AR",-84.3202194
35.9606384,"Helena, AR",-83.9207392
40.8317563,"Helena, AR",-75.88242079999999
42.65836609999999,"Helena, AR",-83.1499322
27.7691937,"Helena, AR",-82.7689906
42.88644679999999,"Helena, AR",-78.8783689
33.8752935,"Helena, AR",-117.5664384
41.5119761,"Helena, AR",-87.9656098
39.608949,"Helena, AR",-84.0077105
47.9654304,"Helena, AR",-118.9761322
38.9916726,"Helena, AR",-94.6335684
41.6763545,"Helena, AR",-86.25198979999999
40.4234058,"Helena, AR",-78.433903
46.3237423,"Helena, AR",-120.0086538
33.3703197,"Helena, AR",-112.5837766
39.2673283,"Helena, AR",-76.7983067
28.2441768,"Helena, AR",-82.7192671
38.4095298,"Helena, AR",-82.29459229999999
35.108493,"Helena, AR",-77.04411429999999
39.2720509,"Helena, AR",-76.73191609999999
41.251824,"Helena, AR",-74.4873918
41.9161361,"Helena, AR",-72.5578799
36.3047735,"Helena, AR",-86.6199957
36.0597177,"Helena, AR",-86.6715948
36.1626638,"Helena, AR",-86.7816016
38.8338816,"Helena, AR",-104.8213634
43.66293839999999,"Helena, AR",-116.6873596
37.9715592,"Helena, AR",-87.5710898
39.2533328,"Helena, AR",-114.874248
29.2858129,"Helena, AR",-81.0558894
26.4614625,"Helena, AR",-80.0728201
32.7972176,"Helena, AR",-113.5410267
39.512923,"Helena, AR",-88.7084888
45.2212415,"Helena, AR",-122.5816605
35.1595182,"Helena, AR",-84.8766115
47.6062095,"Helena, AR",-122.3320708
38.5911751,"Helena, AR",-76.94236719999999
34.8697395,"Helena, AR",-111.7609896
40.3356483,"Helena, AR",-75.9268747
35.108476,"Helena, AR",-81.0428538
38.7669954,"Helena, AR",-90.41150569999999
38.9748351,"Helena, AR",-74.8335015
44.7630567,"Helena, AR",-85.62063169999999
28.8028612,"Helena, AR",-81.269453
37.3488827,"Helena, AR",-108.5859265
28.4831682,"Helena, AR",-82.5369872
41.4832665,"Helena, AR",-72.15938419999999
37.7781702,"Helena, AR",-81.1881557
40.0256531,"Helena, AR",-76.5299655
39.5069974,"Helena, AR",-84.74523099999999
38.4087993,"Helena, AR",-121.3716178
46.3526733,"Helena, AR",-94.2020084
42.5173058,"Helena, AR",-73.2281596
28.0222435,"Helena, AR",-81.7328567
40.75839,"Helena, AR",-82.5154471
33.5386523,"Helena, AR",-112.1859866
26.7153424,"Helena, AR",-80.0533746
40.5795317,"Helena, AR",-74.1502007
40.8827374,"Helena, AR",-109.2970766
35.0886963,"Helena, AR",-92.4421011
43.7764258,"Helena, AR",-79.2317521
33.4151843,"Helena, AR",-111.8314724
41.2613129,"Helena, AR",-114.1941831
33.9934867,"Helena, AR",-81.0739825
37.5059332,"Helena, AR",-77.3324425
41.9220496,"Helena, AR",-71.54951009999999
47.3053186,"Helena, AR",-68.1519797
33.6680772,"Helena, AR",-117.3272615
38.984652,"Helena, AR",-77.0947092
35.4749235,"Helena, AR",-97.35852159999999
40.7250986,"Helena, AR",-73.2453946
42.3319904,"Helena, AR",-73.0829366
41.7001009,"Helena, AR",-71.4161671
40.3369272,"Helena, AR",-104.9121967
42.9113098,"Helena, AR",-70.81348179999999
43.2856337,"Helena, AR",-71.46726509999999
32.792,"Helena, AR",-115.5630514
40.372048,"Helena, AR",-75.29267600000001
33.7570541,"Helena, AR",-88.1089185
41.6885978,"Helena, AR",-71.5642076
37.9716898,"Helena, AR",-100.8726618
39.1653182,"Helena, AR",-88.37921159999999
27.2544906,"Helena, AR",-80.22976969999999
38.40157809999999,"Helena, AR",-122.3608105
41.1797865,"Helena, AR",-75.4178994
45.0051213,"Helena, AR",-122.7831455
42.2464123,"Helena, AR",-88.24286149999999
30.6332618,"Helena, AR",-97.6779842
44.9192844,"Helena, AR",-123.3170472
34.1014873,"Helena, AR",-84.5193754
42.51954,"Helena, AR",-70.8967155
39.3738041,"Helena, AR",-119.3740567
36.3302284,"Helena, AR",-119.2920585
43.8331978,"Helena, AR",-70.7781171
38.4603917,"Helena, AR",-75.2207437
41.2306979,"Helena, AR",-73.064036
38.9068445,"Helena, AR",-120.8385462
34.2596475,"Helena, AR",-118.3082747
38.0049214,"Helena, AR",-121.805789
34.0007104,"Helena, AR",-81.0348144
42.63195820000001,"Helena, AR",-70.7829315
38.7296252,"Helena, AR",-120.798546
41.3894905,"Helena, AR",-82.01903209999999
40.7659783,"Helena, AR",-73.01934299999999
41.7691235,"Helena, AR",-72.9648388
39.1102587,"Helena, AR",-108.3509193
27.7518284,"Helena, AR",-82.6267345
42.9658907,"Helena, AR",-78.870036
40.0481941,"Helena, AR",-86.2888117
39.1031182,"Helena, AR",-84.5120196
34.5229255,"Helena, AR",-120.4204466
37.15541839999999,"Helena, AR",-81.8743106
40.1753485,"Helena, AR",-80.7978631
39.4084249,"Helena, AR",-105.3232433
36.5297706,"Helena, AR",-87.3594528
43.2341813,"Helena, AR",-86.24839209999999
36.8507689,"Helena, AR",-76.28587259999999
40.9148209,"Helena, AR",-74.383763
36.4508117,"Helena, AR",-86.5365329
40.4311796,"Helena, AR",-79.26086900000001
41.5192189,"Helena, AR",-81.45789599999999
43.0581768,"Helena, AR",-75.96954649999999
28.2919557,"Helena, AR",-81.40757099999999
41.9227056,"Helena, AR",-111.8135571
29.2108147,"Helena, AR",-81.0228331
36.2574941,"Helena, AR",-86.6477748
34.9492586,"Helena, AR",-83.7573948
35.2257007,"Helena, AR",-80.3289521
32.2217429,"Helena, AR",-110.926479
28.1614046,"Helena, AR",-81.60174169999999
42.73481020000001,"Helena, AR",-71.6581267
35.0073697,"Helena, AR",-80.94507589999999
47.9543375,"Helena, AR",-117.476891
44.3106241,"Helena, AR",-69.7794897
37.0965278,"Helena, AR",-113.5684164
40.7127753,"Helena, AR",-74.0059728
37.0617563,"Helena, AR",-83.4518525
40.5764456,"Helena, AR",-83.38464420000001
41.4500844,"Helena, AR",-71.44950299999999
45.1258332,"Helena, AR",-94.5283333
41.7417714,"Helena, AR",-70.6578104
33.4941704,"Helena, AR",-111.9260519
39.4562099,"Helena, AR",-77.96388689999999
34.1489719,"Helena, AR",-118.451357
34.2073196,"Helena, AR",-84.14019259999999
41.9428801,"Helena, AR",-103.8096301
38.5449065,"Helena, AR",-121.7405167
34.0122346,"Helena, AR",-117.688944
41.6314378,"Helena, AR",-72.459634
42.5144566,"Helena, AR",-83.01465259999999
37.1184318,"Helena, AR",-82.8268265
40.6916132,"Helena, AR",-112.0010501
38.8119527,"Helena, AR",-94.5318982
30.2460361,"Helena, AR",-87.70081929999999
42.928698,"Helena, AR",-71.1870053
38.7011626,"Helena, AR",-90.3623381
34.7303688,"Helena, AR",-86.5861037
34.5362184,"Helena, AR",-117.2927641
41.1536674,"Helena, AR",-81.3578859
39.2339348,"Helena, AR",-86.6250008
40.9792645,"Helena, AR",-74.11653129999999
42.4092038,"Helena, AR",-82.8918587
45.5060682,"Helena, AR",-91.738225
42.44191670000001,"Helena, AR",-94.2960772
22.0881391,"Helena, AR",-159.3379818
34.1425078,"Helena, AR",-118.255075
34.9147921,"Helena, AR",-97.7786493
42.9906361,"Helena, AR",-72.13091659999999
43.6333219,"Helena, AR",-88.72955189999999
39.3398382,"Helena, AR",-74.5751557
44.0462362,"Helena, AR",-123.0220289
40.0325817,"Helena, AR",-75.6274583
39.9537358,"Helena, AR",-74.1979458
33.1731769,"Helena, AR",-84.914936
45.0502435,"Helena, AR",-93.1566112
42.245926,"Helena, AR",-71.90868429999999
44.3683156,"Helena, AR",-100.3509665
40.3451566,"Helena, AR",-75.9927652
36.0990393,"Helena, AR",-78.30110599999999
40.7062104,"Helena, AR",-73.3062302
40.5728403,"Helena, AR",-81.0856532
34.3058279,"Helena, AR",-118.4571974
30.5168639,"Helena, AR",-86.48217199999999
47.30732279999999,"Helena, AR",-122.2284532
40.5575986,"Helena, AR",-74.2846022
48.1919889,"Helena, AR",-114.316813
44.7394103,"Helena, AR",-93.12577230000001
40.1534476,"Helena, AR",-74.0281925
33.7205771,"Helena, AR",-116.2155619
41.223,"Helena, AR",-111.9738304
44.0108074,"Helena, AR",-97.526736
36.0726354,"Helena, AR",-79.7919754
42.78702089999999,"Helena, AR",-73.97095829999999
42.5369783,"Helena, AR",-85.64168459999999
42.5629668,"Helena, AR",-114.4608711
40.5186809,"Helena, AR",-78.3947359
41.44933899999999,"Helena, AR",-81.27390729999999
29.1658158,"Helena, AR",-81.0044995
41.70367110000001,"Helena, AR",-71.5215024
41.1768888,"Helena, AR",-112.0038311
47.8290456,"Helena, AR",-118.414992
47.1282275,"Helena, AR",-117.2426823
34.1083449,"Helena, AR",-117.2897652
46.4004089,"Helena, AR",-117.001189
41.7014912,"Helena, AR",-71.1550451
42.7284117,"Helena, AR",-73.69178509999999
34.2279298,"Helena, AR",-118.3812562
44.5874877,"Helena, AR",-68.23160539999999
48.2185838,"Helena, AR",-96.4058804
41.5519952,"Helena, AR",-81.4392828
42.2711311,"Helena, AR",-89.0939952
42.6651965,"Helena, AR",-82.92864279999999
42.2411344,"Helena, AR",-88.31619649999999
41.5853107,"Helena, AR",-87.8431078
39.4290415,"Helena, AR",-76.3557028
45.28956549999999,"Helena, AR",-122.3336963
37.9461438,"Helena, AR",-93.401034
35.2472869,"Helena, AR",-97.59975999999999
34.373361,"Helena, AR",-118.5400404
40.554887,"Helena, AR",-74.4642861
45.0952417,"Helena, AR",-93.5474577
33.9424658,"Helena, AR",-117.2296717
47.6101497,"Helena, AR",-122.2015159
33.5604168,"Helena, AR",-81.7195533
41.4218208,"Helena, AR",-73.2833176
38.113349,"Helena, AR",-77.4092467
38.049365,"Helena, AR",-122.1585777
41.3647193,"Helena, AR",-96.1577968
37.136425,"Helena, AR",-75.96459999999999
31.6129701,"Helena, AR",-82.73458509999999
39.6978871,"Helena, AR",-76.06272659999999
35.0526641,"Helena, AR",-78.87835849999999
40.9995386,"Helena, AR",-75.1812913
41.6716479,"Helena, AR",-70.42357249999999
36.4275477,"Helena, AR",-86.8047199
35.497105,"Helena, AR",-77.98193119999999
35.0456297,"Helena, AR",-85.3096801
44.6614039,"Helena, AR",-84.7147512
35.8240265,"Helena, AR",-80.2533838
48.7519112,"Helena, AR",-122.4786854
47.2042681,"Helena, AR",-121.9915003
32.9341893,"Helena, AR",-97.229298
33.8732279,"Helena, AR",-78.6141798
47.4291201,"Helena, AR",-122.5462666
46.6620478,"Helena, AR",-122.9640175
47.4543498,"Helena, AR",-116.7854567
47.6587802,"Helena, AR",-117.4260465
47.3087121,"Helena, AR",-122.0031692
47.3809335,"Helena, AR",-122.2348432
35.6869752,"Helena, AR",-105.937799
33.396503,"Helena, AR",-96.9605608
44.86196450000001,"Helena, AR",-93.53231029999999
43.0605671,"Helena, AR",-88.1064787
26.6167555,"Helena, AR",-80.0684479
41.8781136,"Helena, AR",-87.6297982
42.9963772,"Helena, AR",-96.4891976
44.4197558,"Helena, AR",-75.7253154
44.52357920000001,"Helena, AR",-89.574563
40.6096698,"Helena, AR",-111.9391031
33.9412127,"Helena, AR",-84.2135309
33.7805388,"Helena, AR",-116.4668036
41.8444735,"Helena, AR",-90.1887379
44.0014186,"Helena, AR",-72.4003713
40.8257625,"Helena, AR",-96.6851982
36.3728538,"Helena, AR",-94.2088172
36.3320196,"Helena, AR",-94.1185366
34.0900091,"Helena, AR",-117.8903397
61.2180556,"Helena, AR",-149.9002778
40.4211798,"Helena, AR",-79.7881024
45.2611,"Helena, AR",-93.45
41.2200946,"Helena, AR",-74.87127989999999
41.7747878,"Helena, AR",-78.02056019999999
44.5439375,"Helena, AR",-73.1479068
35.6970547,"Helena, AR",-82.5606851
43.1339545,"Helena, AR",-70.9264393
44.3483072,"Helena, AR",-106.6989375
41.4475686,"Helena, AR",-71.524667
45.2998418,"Helena, AR",-122.7737062
43.0881256,"Helena, AR",-70.73613700000001
34.2408403,"Helena, AR",-117.0772605
40.486427,"Helena, AR",-86.13360329999999
32.4315813,"Helena, AR",-80.6698286
40.1039592,"Helena, AR",-81.4165046
28.967194,"Helena, AR",-98.4786269
33.4417915,"Helena, AR",-94.0376881
34.6184471,"Helena, AR",-82.4779053
47.2528768,"Helena, AR",-122.4442906
43.2561251,"Helena, AR",-86.26756000000002
42.32228,"Helena, AR",-79.5781027
35.6094648,"Helena, AR",-108.8292535
37.665978,"Helena, AR",-77.5063739
43.5445959,"Helena, AR",-96.73110340000001
32.9857275,"Helena, AR",-80.1098123
44.95816440000001,"Helena, AR",-124.0178914
38.9478267,"Helena, AR",-90.9181916
37.0433863,"Helena, AR",-93.294353
47.7504469,"Helena, AR",-90.3342727
27.3364347,"Helena, AR",-82.53065269999999
35.4868032,"Helena, AR",-80.86007359999999
38.0932834,"Helena, AR",-75.2070644
47.4956579,"Helena, AR",-121.7867775
44.0247062,"Helena, AR",-88.5426136
28.18779,"Helena, AR",-82.73954540000001
39.613321,"Helena, AR",-105.0166498
36.2454257,"Helena, AR",-78.32860649999999
39.6837226,"Helena, AR",-75.74965720000002
39.5296329,"Helena, AR",-119.8138027
44.0880682,"Helena, AR",-69.80257879999999
47.0528789,"Helena, AR",-122.2942839
41.8875281,"Helena, AR",-88.3053525
38.9517053,"Helena, AR",-92.3340724
41.5381535,"Helena, AR",-72.80704349999999
40.3641184,"Helena, AR",-111.73854
48.0573924,"Helena, AR",-117.7413489
43.8109804,"Helena, AR",-91.7490143
37.0965278,"Helena, AR",-113.5684164
44.89254830000001,"Helena, AR",-94.3692926
38.57670170000001,"Helena, AR",-92.1735164
39.2689476,"Helena, AR",-84.26382600000001
36.2695388,"Helena, AR",-95.8547119
33.9318591,"Helena, AR",-117.946137
34.8641446,"Helena, AR",-118.1634075
39.3321262,"Helena, AR",-84.41726659999999
42.7345339,"Helena, AR",-71.3245067
28.9005446,"Helena, AR",-81.26367379999999
41.7453829,"Helena, AR",-70.618087
38.6631083,"Helena, AR",-90.5770675
33.6951627,"Helena, AR",-80.2109134
38.26058,"Helena, AR",-93.7729902
38.440429,"Helena, AR",-122.7140548
33.8160058,"Helena, AR",-78.680016
39.8637086,"Helena, AR",-77.0558143
46.2784365,"Helena, AR",-121.5960876
41.14045489999999,"Helena, AR",-96.24368419999999
38.0684692,"Helena, AR",-78.8894682
41.9721816,"Helena, AR",-71.4061876
35.7079146,"Helena, AR",-79.8136446
43.6187102,"Helena, AR",-116.2146068
40.01147110000001,"Helena, AR",-78.3733484
33.3942655,"Helena, AR",-104.5230242
47.8209301,"Helena, AR",-122.3151314
26.1224386,"Helena, AR",-80.13731740000001
39.643065,"Helena, AR",-85.5758961
39.70289229999999,"Helena, AR",-75.1118422
35.54655169999999,"Helena, AR",-77.0521742
28.182893,"Helena, AR",-82.3641751
47.0042643,"Helena, AR",-122.539846
45.3840077,"Helena, AR",-122.7639851
31.6035129,"Helena, AR",-94.6554874
34.095287,"Helena, AR",-118.1270146
32.6734636,"Helena, AR",-95.70940689999999
40.3301898,"Helena, AR",-111.9044877
41.9994722,"Helena, AR",-88.1450735
34.2793576,"Helena, AR",-118.5021527
41.7759301,"Helena, AR",-72.52150089999999
43.3270251,"Helena, AR",-71.184232
42.1034549,"Helena, AR",-73.5499249
44.2519526,"Helena, AR",-85.40116189999999
40.740375,"Helena, AR",-75.3096237
44.6496868,"Helena, AR",-93.24271999999999
43.3228462,"Helena, AR",-76.4171585
34.5794343,"Helena, AR",-118.1164613
44.52634219999999,"Helena, AR",-109.0565308
41.6757457,"Helena, AR",-72.86336349999999
36.6231181,"Helena, AR",-93.1640687
39.8466556,"Helena, AR",-82.8123646
40.8664873,"Helena, AR",-73.0356625
37.8727481,"Helena, AR",-92.2236667
38.809803,"Helena, AR",-82.2023691
39.9541166,"Helena, AR",-112.1202235
42.4792618,"Helena, AR",-71.1522765
42.7262016,"Helena, AR",-71.1908924
34.0753762,"Helena, AR",-84.2940899
29.9940924,"Helena, AR",-90.2417434
40.4623454,"Helena, AR",-74.3272286
41.3497456,"Helena, AR",-72.0790717
39.0911161,"Helena, AR",-94.41550679999999
37.2242358,"Helena, AR",-95.7083131
34.377059,"Helena, AR",-82.3473448
41.6524911,"Helena, AR",-70.2881124
40.2247075,"Helena, AR",-105.271378
42.5868882,"Helena, AR",-82.9195514
40.875891,"Helena, AR",-81.4023356
33.4936391,"Helena, AR",-117.1483648
38.0193657,"Helena, AR",-122.1341321
34.9248667,"Helena, AR",-81.02507840000001
40.3014581,"Helena, AR",-79.5389289
47.7179578,"Helena, AR",-116.9515856
43.67039949999999,"Helena, AR",-121.503636
45.9938227,"Helena, AR",-110.660209
41.42264979999999,"Helena, AR",-122.3861269
27.6386434,"Helena, AR",-80.39727359999999
42.12922409999999,"Helena, AR",-80.085059
43.6155825,"Helena, AR",-84.2472116
44.6638886,"Helena, AR",-86.0181451
34.433237,"Helena, AR",-117.6467917
41.5964825,"Helena, AR",-73.91096999999999
44.53651190000001,"Helena, AR",-122.9070339
36.0103561,"Helena, AR",-84.26964490000002
34.7182174,"Helena, AR",-76.6638186
34.7229391,"Helena, AR",-76.7260436
33.9562149,"Helena, AR",-83.9879625
33.1972465,"Helena, AR",-96.6397822
42.8678809,"Helena, AR",-109.8633501
38.9778882,"Helena, AR",-77.0074765
35.0327045,"Helena, AR",-82.50234640000001
26.1003654,"Helena, AR",-80.3997748
43.0753283,"Helena, AR",-75.50437610000002
34.10639889999999,"Helena, AR",-117.5931084
40.2010241,"Helena, AR",-77.20027449999999
48.7938813,"Helena, AR",-97.6223098
29.83742749999999,"Helena, AR",-90.9562081
44.9802822,"Helena, AR",-85.2111728
35.5280783,"Helena, AR",-108.7425843
32.8423345,"Helena, AR",-104.4032962
37.2707022,"Helena, AR",-76.7074571
38.6928899,"Helena, AR",-75.0746249
42.93759319999999,"Helena, AR",-70.83892190000002
37.63909719999999,"Helena, AR",-120.9968782
38.1503113,"Helena, AR",-92.61796210000001
38.9716689,"Helena, AR",-95.2352501
46.6316893,"Helena, AR",-114.0788985
40.622777,"Helena, AR",-93.9341158
45.8404101,"Helena, AR",-119.2894604
40.1731433,"Helena, AR",-77.3985963
43.3475566,"Helena, AR",-78.5558625
42.195929,"Helena, AR",-70.7258633
40.3547881,"Helena, AR",-76.25660169999999
41.775023,"Helena, AR",-70.03183059999999
38.6837271,"Helena, AR",-77.260261
42.5039395,"Helena, AR",-71.0723391
41.8489872,"Helena, AR",-72.57175509999999
43.67039949999999,"Helena, AR",-121.503636
41.1446516,"Helena, AR",-74.7061308
42.1584324,"Helena, AR",-71.1447732
34.7204257,"Helena, AR",-80.7709014
41.3747744,"Helena, AR",-83.6513229
35.3187279,"Helena, AR",-82.4609528
34.1170537,"Helena, AR",-83.5723876
38.98575080000001,"Helena, AR",-119.1629309
40.7607793,"Helena, AR",-111.8910474
42.5803122,"Helena, AR",-83.0302033
38.0405837,"Helena, AR",-84.5037164
39.5186002,"Helena, AR",-104.7613633
38.05257599999999,"Helena, AR",-84.7299464
38.6753205,"Helena, AR",-91.7696191
41.0145046,"Helena, AR",-80.4367338
41.8896933,"Helena, AR",-95.233605
38.9012225,"Helena, AR",-77.2652604
41.6661573,"Helena, AR",-81.339552
37.9374939,"Helena, AR",-107.8122852
41.2882208,"Helena, AR",-72.5288034
29.4241219,"Helena, AR",-98.49362819999999
41.18454149999999,"Helena, AR",-73.1331651
26.0764783,"Helena, AR",-80.25211569999999
46.0645809,"Helena, AR",-118.3430208
42.4894801,"Helena, AR",-83.1446485
39.6691543,"Helena, AR",-105.2199891
32.6400541,"Helena, AR",-117.0841955
29.8439828,"Helena, AR",-81.2711546
28.5691677,"Helena, AR",-81.5439619
40.3634026,"Helena, AR",-79.86643749999999
42.3714253,"Helena, AR",-83.4702132
38.2526647,"Helena, AR",-85.7584557
43.43085780000001,"Helena, AR",-82.5424244
33.9926097,"Helena, AR",-83.7201709
33.8365932,"Helena, AR",-117.9143012
43.5454359,"Helena, AR",-116.8131959
43.0730517,"Helena, AR",-89.4012302
42.0494674,"Helena, AR",-92.90803749999999
33.40283850000001,"Helena, AR",-105.6593161
33.8365932,"Helena, AR",-117.9143012
35.5842371,"Helena, AR",-88.119479
33.4255104,"Helena, AR",-111.9400054
35.189443,"Helena, AR",-114.0530065
43.8333269,"Helena, AR",-88.0178729
44.0782195,"Helena, AR",-116.9337711
41.079273,"Helena, AR",-85.1393513
48.0351216,"Helena, AR",-122.7760267
46.8771863,"Helena, AR",-96.7898034
40.5697892,"Helena, AR",-79.7647705
34.228754,"Helena, AR",-118.2351192
35.9553737,"Helena, AR",-96.00888429999999
42.4999942,"Helena, AR",-96.40030689999999
33.8028875,"Helena, AR",-117.9931203
41.1865478,"Helena, AR",-73.19517669999999
38.3365032,"Helena, AR",-75.0849058
39.5630521,"Helena, AR",-95.12163559999999
43.5407172,"Helena, AR",-116.5634625
41.7354186,"Helena, AR",-122.6344709
46.0038232,"Helena, AR",-112.5347775
38.9586307,"Helena, AR",-77.35700279999999
40.9278769,"Helena, AR",-73.75179829999999
36.2139814,"Helena, AR",-83.29489219999999
35.5360973,"Helena, AR",-82.69273629999999
45.8404101,"Helena, AR",-119.2894604
40.9045084,"Helena, AR",-80.0464473
36.3645384,"Helena, AR",-95.83887659999999
33.5929472,"Helena, AR",-79.0086464
40.7073244,"Helena, AR",-73.6759635
34.0165053,"Helena, AR",-118.1137535
47.7542651,"Helena, AR",-122.1634581
39.0839973,"Helena, AR",-77.1527578
32.1131814,"Helena, AR",-103.1935127
35.4675602,"Helena, AR",-97.5164276
47.6732281,"Helena, AR",-117.2393748
41.3139426,"Helena, AR",-81.6851271
30.1660736,"Helena, AR",-81.706484
27.937801,"Helena, AR",-82.2859247
40.7259336,"Helena, AR",-73.51429209999999
39.790371,"Helena, AR",-77.7277714
40.6220478,"Helena, AR",-74.24459019999999
39.9711696,"Helena, AR",-74.33928209999999
44.3710051,"Helena, AR",-92.0382346
38.2382474,"Helena, AR",-122.040244
38.789217,"Helena, AR",-90.322614
31.1595905,"Helena, AR",-81.3885517
38.2544472,"Helena, AR",-104.6091409
43.280373,"Helena, AR",-71.6002039
26.007765,"Helena, AR",-80.2962555
33.5845581,"Helena, AR",-92.8343294
44.7647329,"Helena, AR",-93.3591147
43.1775314,"Helena, AR",-85.2527987
41.2958751,"Helena, AR",-86.6250139
39.3406672,"Helena, AR",-75.87882789999999
42.0645396,"Helena, AR",-72.5125863
43.2178539,"Helena, AR",-72.2920317
28.1103558,"Helena, AR",-82.36688699999999
42.4922253,"Helena, AR",-90.64290539999999
34.5037004,"Helena, AR",-93.0551795
25.790654,"Helena, AR",-80.1300455
37.2089572,"Helena, AR",-93.29229889999999
42.83762919999999,"Helena, AR",-77.7050481
38.0080902,"Helena, AR",-92.7446289
44.8797358,"Helena, AR",-84.698641
41.5073851,"Helena, AR",-81.6892836
39.21886629999999,"Helena, AR",-76.0690036
46.55373849999999,"Helena, AR",-66.1364081
34.13224690000001,"Helena, AR",-118.2117257
41.5623209,"Helena, AR",-72.6506488
33.2148412,"Helena, AR",-97.13306829999999
40.2364486,"Helena, AR",-83.3671432
38.8054624,"Helena, AR",-123.0172227
39.8433769,"Helena, AR",-86.39777350000001
40.4307258,"Helena, AR",-74.9442585
38.2081045,"Helena, AR",-91.16042069999999
41.4169806,"Helena, AR",-87.3653135
40.482293,"Helena, AR",-78.5516827
26.0573112,"Helena, AR",-80.271716
40.3273146,"Helena, AR",-76.01104889999999
33.8333716,"Helena, AR",-111.9507042
40.9392584,"Helena, AR",-75.434907
45.2788561,"Helena, AR",-92.9852183
38.5787965,"Helena, AR",-122.5797054
42.732535,"Helena, AR",-84.5555347
33.6601033,"Helena, AR",-86.8127702
40.2983262,"Helena, AR",-74.618634
40.0466571,"Helena, AR",-76.17837390000001
36.548434,"Helena, AR",-82.5618186
40.6868914,"Helena, AR",-111.8754907
38.291859,"Helena, AR",-122.4580356
36.6908991,"Helena, AR",-85.13467759999999
40.66772479999999,"Helena, AR",-111.9388258
38.149576,"Helena, AR",-79.0716958
35.3848841,"Helena, AR",-77.9927651
38.99066570000001,"Helena, AR",-77.026088
38.0293059,"Helena, AR",-78.47667810000002
40.6806563,"Helena, AR",-73.4742914
40.68676670000001,"Helena, AR",-73.3734547
38.6901134,"Helena, AR",-75.38547280000002
37.4128281,"Helena, AR",-76.5025742
38.4220687,"Helena, AR",-77.4083086
39.8318378,"Helena, AR",-75.1895576
40.8681539,"Helena, AR",-73.425676
37.7476157,"Helena, AR",-81.1423203
41.1611746,"Helena, AR",-79.0830924
38.3031837,"Helena, AR",-77.4605399
39.6862263,"Helena, AR",-74.99516799999999
43.1836046,"Helena, AR",-89.2137254
40.7667655,"Helena, AR",-72.85204759999999
37.0870821,"Helena, AR",-76.4730122
34.9489645,"Helena, AR",-85.2569
43.7621774,"Helena, AR",-94.7072
40.8467657,"Helena, AR",-73.53512450000001
46.78667189999999,"Helena, AR",-92.1004852
39.212464,"Helena, AR",-84.2999577
39.6292788,"Helena, AR",-75.6582628
32.9110027,"Helena, AR",-111.7733902
47.389307,"Helena, AR",-119.490591
45.5656755,"Helena, AR",-93.2258999
35.2980659,"Helena, AR",-111.0062528
43.7099497,"Helena, AR",-73.3001233
36.6149217,"Helena, AR",-121.822098
33.5929472,"Helena, AR",-79.0086464
44.727284,"Helena, AR",-75.3210467
44.7973962,"Helena, AR",-93.5272861
36.4072485,"Helena, AR",-105.5730665
33.8302961,"Helena, AR",-116.5452921
34.6876621,"Helena, AR",-77.1191166
36.45425,"Helena, AR",-83.569352
42.9633599,"Helena, AR",-85.6680863
38.891565,"Helena, AR",-121.2930079
47.2356536,"Helena, AR",-122.5504041
38.5950532,"Helena, AR",-90.54623389999999
35.8681455,"Helena, AR",-83.56183500000002
40.2778478,"Helena, AR",-80.0839431
36.9486986,"Helena, AR",-84.0968761
43.0528506,"Helena, AR",-74.3437467
40.8704078,"Helena, AR",-123.9583922
36.5636755,"Helena, AR",-93.43796390000001
27.044224,"Helena, AR",-82.2359254
43.4083637,"Helena, AR",-84.6066704
28.6122187,"Helena, AR",-80.8075537
43.3897609,"Helena, AR",-71.065062
28.3164498,"Helena, AR",-80.72698539999999
38.7203167,"Helena, AR",-92.09129560000001
34.9323102,"Helena, AR",-86.57193830000001
40.1798165,"Helena, AR",-76.17883909999999
47.3851752,"Helena, AR",-117.1715787
34.187044,"Helena, AR",-118.3812562
44.977753,"Helena, AR",-93.2650108
40.5194046,"Helena, AR",-104.702515
47.7881528,"Helena, AR",-122.3087405
25.7616798,"Helena, AR",-80.1917902
47.1770457,"Helena, AR",-122.1865055
38.5815719,"Helena, AR",-121.4943996
33.4672256,"Helena, AR",-117.6981014
46.1381676,"Helena, AR",-122.9381672
38.7308811,"Helena, AR",-88.0853154
36.8529263,"Helena, AR",-75.97798499999999
34.055103,"Helena, AR",-117.7499909
41.1381051,"Helena, AR",-84.5805082
39.1073317,"Helena, AR",-76.57107529999999
45.0105194,"Helena, AR",-93.4555093
46.2395793,"Helena, AR",-119.1005657
41.2523634,"Helena, AR",-95.99798829999999
34.5493576,"Helena, AR",-114.3678646
42.9105722,"Helena, AR",-87.8606367
34.2596475,"Helena, AR",-118.3082747
39.5684835,"Helena, AR",-74.38806989999999
40.2414952,"Helena, AR",-75.2837862
34.1066756,"Helena, AR",-117.8067257
35.7972998,"Helena, AR",-84.2560299
40.81232050000001,"Helena, AR",-73.0784429
37.1306078,"Helena, AR",-92.2634942
39.1267349,"Helena, AR",-82.9854553
41.94454409999999,"Helena, AR",-71.2856082
48.6107354,"Helena, AR",-118.0558218
36.1156071,"Helena, AR",-97.0583681
35.2626635,"Helena, AR",-77.5816353
41.2392227,"Helena, AR",-81.3459405
42.2222614,"Helena, AR",-83.39659940000001
43.4194699,"Helena, AR",-83.9508068
44.6706762,"Helena, AR",-123.2178759
48.549999,"Helena, AR",-109.6840887
40.1933767,"Helena, AR",-85.3863599
36.9229159,"Helena, AR",-80.01337120000001
36.659582,"Helena, AR",-79.711978
44.426786,"Helena, AR",-124.0687302
36.5859718,"Helena, AR",-79.39502279999999
37.8651011,"Helena, AR",-119.5383294
42.4915124,"Helena, AR",-122.9753242
38.7874699,"Helena, AR",-90.6298922
44.0581728,"Helena, AR",-121.3153096
40.3981415,"Helena, AR",-77.0230334
40.8083909,"Helena, AR",-82.97546489999999
41.3175549,"Helena, AR",-81.3453858
44.9537029,"Helena, AR",-93.0899578
40.4128551,"Helena, AR",-74.307282
38.88233400000001,"Helena, AR",-77.1710914
45.5228939,"Helena, AR",-122.989827
37.0920222,"Helena, AR",-84.6041084
39.600618,"Helena, AR",-82.9460133
38.24935809999999,"Helena, AR",-122.0399663
37.9287494,"Helena, AR",-77.4558151
38.9981652,"Helena, AR",-77.2883157
41.18388780000001,"Helena, AR",-96.031127
39.6451637,"Helena, AR",-121.4032995
32.6959643,"Helena, AR",-97.6022471
43.2228599,"Helena, AR",-71.0470077
39.3958369,"Helena, AR",-101.0523773
34.8855756,"Helena, AR",-112.4682271
38.6270025,"Helena, AR",-90.19940419999999
44.7535482,"Helena, AR",-96.679851
42.7236699,"Helena, AR",-73.77132
30.5788055,"Helena, AR",-97.8530686
34.9342548,"Helena, AR",-88.5222702
37.8286516,"Helena, AR",-92.2007227
37.6241793,"Helena, AR",-104.7802645
42.5278731,"Helena, AR",-70.9286609
38.7217837,"Helena, AR",-76.6605187
34.6779399,"Helena, AR",-76.95077619999999
33.4504157,"Helena, AR",-82.1981764
33.5539143,"Helena, AR",-117.2139232
37.8092279,"Helena, AR",-85.46690249999999
39.1501709,"Helena, AR",-123.2077831
43.0514161,"Helena, AR",-83.31883409999999
32.6926512,"Helena, AR",-114.6276916
30.5601953,"Helena, AR",-91.9540054
40.1734049,"Helena, AR",-79.8575467
41.1052598,"Helena, AR",-75.4764683
44.9211836,"Helena, AR",-93.4687489
32.6578265,"Helena, AR",-114.4118901
26.5867358,"Helena, AR",-80.05198589999999
37.7989253,"Helena, AR",-95.94915619999999
37.7249296,"Helena, AR",-122.1560768
36.2809202,"Helena, AR",-83.5149023
39.5753791,"Helena, AR",-76.9958149
40.7967244,"Helena, AR",-81.52150929999999
40.3089798,"Helena, AR",-76.5933012
39.934002,"Helena, AR",-74.89099879999999
39.7728846,"Helena, AR",-75.05185829999999
39.7390721,"Helena, AR",-75.5397878
37.7527982,"Helena, AR",-100.0170787
43.0204052,"Helena, AR",-71.6002223
39.8072903,"Helena, AR",-82.07125219999999
39.5214373,"Helena, AR",-85.7769238
46.6020711,"Helena, AR",-120.5058987
42.48059,"Helena, AR",-83.4754913
37.9508391,"Helena, AR",-78.2464921
41.719978,"Helena, AR",-87.7479528
42.3600825,"Helena, AR",-71.0588801
37.2317643,"Helena, AR",-79.8114761
40.5903147,"Helena, AR",-91.69071880000001
40.448208,"Helena, AR",-122.2977815
39.849557,"Helena, AR",-75.3557457
39.1926693,"Helena, AR",-108.9963165
42.2808256,"Helena, AR",-83.7430378
39.0661472,"Helena, AR",-84.70318879999999
37.6624312,"Helena, AR",-121.8746789
35.4770574,"Helena, AR",-83.3205859
44.811349,"Helena, AR",-91.4984941
38.1839705,"Helena, AR",-83.4326841
44.13946139999999,"Helena, AR",-84.8894738
40.0149856,"Helena, AR",-105.2705456
35.423208,"Helena, AR",-89.78491269999999
38.4424881,"Helena, AR",-107.5567252
40.6460622,"Helena, AR",-111.4979729
42.353355,"Helena, AR",-88.0934145
31.7382062,"Helena, AR",-99.9473077
40.3339589,"Helena, AR",-79.29975730000001
40.4967329,"Helena, AR",-80.6067392
42.2575385,"Helena, AR",-83.2110375
40.6936488,"Helena, AR",-89.5889864
47.5650067,"Helena, AR",-122.6269768
41.1370133,"Helena, AR",-77.4469263
34.6100243,"Helena, AR",-112.315721
32.6728256,"Helena, AR",-114.1468821
44.9042338,"Helena, AR",-72.4058438
42.5083482,"Helena, AR",-89.03177649999999
36.8354258,"Helena, AR",-76.2982742
44.8303287,"Helena, AR",-74.5135123
35.2848579,"Helena, AR",-81.28397
36.8397004,"Helena, AR",-83.3758534
31.8146179,"Helena, AR",-94.8404922
40.4897871,"Helena, AR",-81.4456706
40.6687125,"Helena, AR",-73.5270709
41.3542395,"Helena, AR",-72.164816
41.2505881,"Helena, AR",-87.8314324
39.3454673,"Helena, AR",-84.5603187
38.9784453,"Helena, AR",-76.4921829
33.2558717,"Helena, AR",-116.375012
39.2376846,"Helena, AR",-120.0265798
42.8364781,"Helena, AR",-71.0947805
42.3086444,"Helena, AR",-83.48211599999999
38.3136764,"Helena, AR",-86.0949722
37.4418834,"Helena, AR",-122.1430195
47.9662924,"Helena, AR",-116.8685314
40.7612957,"Helena, AR",-73.7330753
43.95608199999999,"Helena, AR",-89.81818179999999
46.2471437,"Helena, AR",-114.1548162
42.3116499,"Helena, AR",-95.05332399999999
40.6014291,"Helena, AR",-85.92887569999999
31.9678611,"Helena, AR",-110.2945174
40.6784291,"Helena, AR",-75.5737968
45.33772829999999,"Helena, AR",-93.56911219999999
41.2542459,"Helena, AR",-76.9205199
33.8703645,"Helena, AR",-117.9242123
40.3599077,"Helena, AR",-87.3475156
42.6827885,"Helena, AR",-89.0187222
33.6890603,"Helena, AR",-78.8866943
42.5294773,"Helena, AR",-83.7802214
38.3436612,"Helena, AR",-89.3806398
37.3265112,"Helena, AR",-80.7350711
41.638542,"Helena, AR",-112.0793935
41.0242256,"Helena, AR",-80.6628528
41.8975471,"Helena, AR",-84.03716589999999
34.483901,"Helena, AR",-114.3224548
40.5187154,"Helena, AR",-74.4120953
42.7167483,"Helena, AR",-70.8787277
39.5601129,"Helena, AR",-76.0713385
30.3679788,"Helena, AR",-97.99167899999999
41.1236875,"Helena, AR",-105.3022921
41.16952690000001,"Helena, AR",-75.87741900000002
30.35047509999999,"Helena, AR",-89.15281759999999
34.3664951,"Helena, AR",-89.5192484
44.3258932,"Helena, AR",-93.955691
42.6292455,"Helena, AR",-73.86456849999999
45.3407981,"Helena, AR",-93.326897
35.2225668,"Helena, AR",-97.4394777
46.2652367,"Helena, AR",-96.60590719999999
40.2338438,"Helena, AR",-111.6585337
32.9478236,"Helena, AR",-112.7168305
33.6598257,"Helena, AR",-85.8316318
43.0692299,"Helena, AR",-77.29887459999999
36.9911648,"Helena, AR",-91.4926376
34.1064895,"Helena, AR",-84.0335197
39.0558235,"Helena, AR",-95.68901849999999
41.2455927,"Helena, AR",-89.9248303
41.0064864,"Helena, AR",-73.9490258
42.3852983,"Helena, AR",-88.3473126
42.1945385,"Helena, AR",-71.8356271
37.1506044,"Helena, AR",-91.357635
33.6130942,"Helena, AR",-112.3246042
34.0259216,"Helena, AR",-118.7797571
45.58706309999999,"Helena, AR",-122.3995363
43.3901177,"Helena, AR",-123.3125763
35.7688425,"Helena, AR",-119.2470536
35.0717945,"Helena, AR",-81.64981949999999
40.6119911,"Helena, AR",-73.93304289999999
40.735657,"Helena, AR",-74.1723667
42.6080884,"Helena, AR",-83.3438247
42.982216,"Helena, AR",-78.5770812
37.8043637,"Helena, AR",-122.2711137
30.0799405,"Helena, AR",-95.41716009999999
31.5455001,"Helena, AR",-110.2772856
42.0245442,"Helena, AR",-71.1286594
41.6389236,"Helena, AR",-87.60726799999999
40.8478065,"Helena, AR",-74.5747248
42.9125305,"Helena, AR",-82.4868599
27.0997775,"Helena, AR",-82.4542632
39.2142809,"Helena, AR",-74.9498957
41.6303103,"Helena, AR",-87.85394250000002
33.4273521,"Helena, AR",-117.6126004
42.4153925,"Helena, AR",-71.1564729
43.6026976,"Helena, AR",-111.1113318
29.1335781,"Helena, AR",-98.15611919999999
38.59150229999999,"Helena, AR",-75.2913018
29.5293998,"Helena, AR",-95.2010447
39.9259463,"Helena, AR",-75.1196199
32.7554883,"Helena, AR",-97.3307658
46.2454127,"Helena, AR",-119.1827916
30.5993603,"Helena, AR",-87.1610807
40.5852602,"Helena, AR",-105.084423
34.2284312,"Helena, AR",-92.00319549999999
30.6743643,"Helena, AR",-96.3699632
34.0922335,"Helena, AR",-117.435048
48.0959784,"Helena, AR",-119.7806166
33.8491816,"Helena, AR",-118.3884078
43.4352102,"Helena, AR",-71.5900508
43.2122851,"Helena, AR",-77.4299939
43.2097837,"Helena, AR",-77.6930602
33.3942223,"Helena, AR",-110.7864984
40.8485564,"Helena, AR",-111.9068824
39.2508229,"Helena, AR",-106.2925238
39.755543,"Helena, AR",-105.2210997
46.0084472,"Helena, AR",-122.8445508
32.9440077,"Helena, AR",-103.3485543
37.6940973,"Helena, AR",-122.0863522
38.6103023,"Helena, AR",-90.4125181
47.2031566,"Helena, AR",-122.2403966
36.8706111,"Helena, AR",-89.0097869
37.2348439,"Helena, AR",-122.0105553
36.9613356,"Helena, AR",-120.0607176
41.3078093,"Helena, AR",-88.1467243
40.2986724,"Helena, AR",-83.067965
34.266114,"Helena, AR",-116.3930703
34.6627652,"Helena, AR",-106.7761546
36.2942722,"Helena, AR",-82.4734787
47.103988,"Helena, AR",-122.4345661
39.104166,"Helena, AR",-95.8585978
37.9479786,"Helena, AR",-122.0607963
37.6087561,"Helena, AR",-77.3733139
34.4358294,"Helena, AR",-119.8276389
41.5604427,"Helena, AR",-72.16359589999999
41.4767605,"Helena, AR",-74.02375180000001
47.2342997,"Helena, AR",-119.8525504
33.293945,"Helena, AR",-111.0962305
43.0948033,"Helena, AR",-71.7306313
33.8360034,"Helena, AR",-79.0478143
33.5778631,"Helena, AR",-101.8551665
37.3382082,"Helena, AR",-121.8863286
36.0584021,"Helena, AR",-90.4973286
38.440429,"Helena, AR",-122.7140548
32.8546197,"Helena, AR",-79.9748103
39.0067768,"Helena, AR",-76.77913649999999
36.3125963,"Helena, AR",-95.61609
42.0333623,"Helena, AR",-87.88339909999999
38.8114364,"Helena, AR",-89.95315699999999
41.5770433,"Helena, AR",-73.4085463
34.2257255,"Helena, AR",-77.9447102
39.3794196,"Helena, AR",-76.45990429999999
40.7439905,"Helena, AR",-74.0323626
44.63974049999999,"Helena, AR",-73.11039079999999
43.9133191,"Helena, AR",-70.1803764
35.6709727,"Helena, AR",-80.4742261
38.6242509,"Helena, AR",-82.1645889
38.7208842,"Helena, AR",-90.2973358
34.1423235,"Helena, AR",-87.98864379999999
38.7521235,"Helena, AR",-121.2880059
47.4435903,"Helena, AR",-122.2960726
40.3409251,"Helena, AR",-76.4113497
42.1014831,"Helena, AR",-72.589811
40.5852602,"Helena, AR",-105.084423
37.3382082,"Helena, AR",-121.8863286
43.3754405,"Helena, AR",-116.5290116
40.35143679999999,"Helena, AR",-84.3738386
36.162839,"Helena, AR",-85.5016423
40.3931033,"Helena, AR",-84.3760612
42.9039476,"Helena, AR",-78.6922515
29.9012437,"Helena, AR",-81.31243409999999
38.677269,"Helena, AR",-87.5286325
42.2528649,"Helena, AR",-73.790959
40.0812219,"Helena, AR",-75.0896176
29.9716905,"Helena, AR",-95.6937856
41.6005448,"Helena, AR",-93.6091064
41.6639383,"Helena, AR",-83.55521200000001
39.27396390000001,"Helena, AR",-81.5729029
40.1645785,"Helena, AR",-74.2082671
33.5967815,"Helena, AR",-83.8601827
40.3763701,"Helena, AR",-104.6921874
41.2411897,"Helena, AR",-77.00107860000001
39.6283928,"Helena, AR",-84.15938179999999
37.6581725,"Helena, AR",-81.0956508
39.4816537,"Helena, AR",-106.0383518
26.7056206,"Helena, AR",-80.0364297
39.2638762,"Helena, AR",-103.6921737
29.7857853,"Helena, AR",-95.8243956
35.3414744,"Helena, AR",-89.8973084
37.9357576,"Helena, AR",-122.3477486
39.114053,"Helena, AR",-94.6274636
35.7826363,"Helena, AR",-80.8872959
46.7297771,"Helena, AR",-117.1817377
44.9743985,"Helena, AR",-92.8287156
33.6292337,"Helena, AR",-112.3679279
38.9071923,"Helena, AR",-77.0368707
36.6777372,"Helena, AR",-121.6555013
36.3955891,"Helena, AR",-97.8783911
45.4432986,"Helena, AR",-93.58996200000001
33.4150485,"Helena, AR",-111.5495777
32.8995325,"Helena, AR",-105.960265
34.134728,"Helena, AR",-116.3130661
48.2410895,"Helena, AR",-122.3706837
40.7595012,"Helena, AR",-82.5901725
43.1770133,"Helena, AR",-75.64684869999999
40.79894729999999,"Helena, AR",-81.378447
39.3642834,"Helena, AR",-74.4229266
35.1495343,"Helena, AR",-90.0489801
32.4487364,"Helena, AR",-99.73314390000002
39.649508,"Helena, AR",-82.7443367
34.9489645,"Helena, AR",-85.2569
31.3060513,"Helena, AR",-82.2420661
34.0686208,"Helena, AR",-117.9389526
41.288906,"Helena, AR",-72.674364
45.0941315,"Helena, AR",-93.3563405
47.4809872,"Helena, AR",-118.2544187
32.6098566,"Helena, AR",-85.48078249999999
43.6033582,"Helena, AR",-84.0697048
42.4311464,"Helena, AR",-83.4832692
38.7809384,"Helena, AR",-90.78836040000002
42.4153596,"Helena, AR",-74.0220769
33.0151201,"Helena, AR",-96.5388789
42.306818,"Helena, AR",-93.6400274
26.1420358,"Helena, AR",-81.7948103
32.3668052,"Helena, AR",-86.2999689
33.8142682,"Helena, AR",-86.8094394
38.8576128,"Helena, AR",-76.8894171
40.6608726,"Helena, AR",-86.24194
43.0386368,"Helena, AR",-85.67003319999999
39.4863773,"Helena, AR",-75.02596369999999
27.2730492,"Helena, AR",-80.3582261
33.4353394,"Helena, AR",-112.3576567
32.3865312,"Helena, AR",-96.8483311
47.42715459999999,"Helena, AR",-92.9376887
41.5964869,"Helena, AR",-72.8776013
32.0813086,"Helena, AR",-106.1806665
40.8673915,"Helena, AR",-97.5920867
44.4942178,"Helena, AR",-74.1234855
35.0614358,"Helena, AR",-106.1914141
43.6121087,"Helena, AR",-116.3915131
45.48706199999999,"Helena, AR",-122.8037102
35.1424671,"Helena, AR",-119.4565078
32.9810059,"Helena, AR",-80.03258670000001
32.0835407,"Helena, AR",-81.09983419999999
34.6124905,"Helena, AR",-117.8281193
38.7945166,"Helena, AR",-83.5451934
40.3977612,"Helena, AR",-105.0749801
43.0155526,"Helena, AR",-89.8954011
39.8027644,"Helena, AR",-105.0874842
34.0234337,"Helena, AR",-84.6154897
34.208254,"Helena, AR",-118.6058609
29.5957696,"Helena, AR",-90.71953479999999
32.436381,"Helena, AR",-111.2224422
39.8908952,"Helena, AR",-83.2218582
40.3016375,"Helena, AR",-74.7361013
42.6106478,"Helena, AR",-71.23422479999999
61.3888889,"Helena, AR",-149.4819445
39.4020596,"Helena, AR",-75.0393438
30.5267764,"Helena, AR",-90.11346309999999
41.3948017,"Helena, AR",-75.70658019999999
39.0284685,"Helena, AR",-104.4841284
34.274646,"Helena, AR",-119.2290316
33.3267997,"Helena, AR",-83.3884961
38.5200504,"Helena, AR",-89.9839935
36.5725286,"Helena, AR",-121.9485937
30.2091069,"Helena, AR",-97.6472349
42.03345650000001,"Helena, AR",-71.2190578
38.81144,"Helena, AR",-90.8529107
44.8546856,"Helena, AR",-93.47078599999999
42.0023594,"Helena, AR",-83.3088167
44.8896866,"Helena, AR",-93.3499489
42.3265152,"Helena, AR",-122.8755949
39.9375911,"Helena, AR",-77.6611022
41.5264977,"Helena, AR",-70.6730857
26.2517482,"Helena, AR",-80.17893509999999
40.5360104,"Helena, AR",-74.3152408
44.9032963,"Helena, AR",-93.5663455
19.5208333,"Helena, AR",-155.9225
44.8341639,"Helena, AR",-87.3770419
41.1937181,"Helena, AR",-87.1986416
39.8558488,"Helena, AR",-74.6868815
47.0378741,"Helena, AR",-122.9006951
41.9348537,"Helena, AR",-87.87952299999999
40.4862157,"Helena, AR",-74.4518188
39.1731621,"Helena, AR",-77.2716502
38.8140024,"Helena, AR",-76.9455296
43.6221108,"Helena, AR",-116.2381744
43.4252776,"Helena, AR",-88.1834277
39.0670456,"Helena, AR",-76.6654513
46.5295517,"Helena, AR",-122.4851112
27.4989278,"Helena, AR",-82.5748194
37.5717532,"Helena, AR",-83.7068597
43.16103,"Helena, AR",-77.6109219
32.9394452,"Helena, AR",-116.8730451
41.2476902,"Helena, AR",-80.6715317
27.8428025,"Helena, AR",-82.6995443
27.9094665,"Helena, AR",-82.7873244
34.4208305,"Helena, AR",-119.6981901
27.8397466,"Helena, AR",-82.79121339999999
28.0186323,"Helena, AR",-82.1128641
26.7153424,"Helena, AR",-80.0533746
36.706981,"Helena, AR",-97.0855948
27.7730836,"Helena, AR",-82.40759349999999
27.9658533,"Helena, AR",-82.8001026
26.1275862,"Helena, AR",-80.23310359999999
26.9342246,"Helena, AR",-80.0942087
43.67241190000001,"Helena, AR",-111.914968
38.06170950000001,"Helena, AR",-122.6991484
36.3393001,"Helena, AR",-97.91306089999999
43.72702140000001,"Helena, AR",-70.9286755
32.7766642,"Helena, AR",-96.79698789999999
39.3737149,"Helena, AR",-76.9677566
43.1978624,"Helena, AR",-70.8736698
45.0060767,"Helena, AR",-93.15661070000002
38.5126456,"Helena, AR",-90.4429881
33.6594835,"Helena, AR",-117.9988026
30.3313143,"Helena, AR",-92.4956909
44.8831125,"Helena, AR",-68.6719411
30.14249319999999,"Helena, AR",-96.2571708
38.5786021,"Helena, AR",-123.3329226
46.6540153,"Helena, AR",-120.5300666
41.5822716,"Helena, AR",-85.8344383
34.0859829,"Helena, AR",-81.1831513
35.3732921,"Helena, AR",-119.0187125
33.6469437,"Helena, AR",-117.6861023
41.6937102,"Helena, AR",-71.8084037
35.4495065,"Helena, AR",-97.3967019
34.4165505,"Helena, AR",-79.3711579
38.440429,"Helena, AR",-122.7140548
44.1858193,"Helena, AR",-88.462609
40.94651520000001,"Helena, AR",-124.1006205
34.3931105,"Helena, AR",-118.5907538
40.0497686,"Helena, AR",-84.9396854
38.56008,"Helena, AR",-82.7209975
34.3740431,"Helena, AR",-80.07340049999999
33.6060031,"Helena, AR",-78.97308869999999
38.232417,"Helena, AR",-122.6366524
29.7957633,"Helena, AR",-90.82287099999999
40.0070565,"Helena, AR",-75.0282271
47.4473204,"Helena, AR",-122.4598502
41.7500323,"Helena, AR",-87.80422159999999
39.8467767,"Helena, AR",-75.7116032
31.3351716,"Helena, AR",-85.6052133
35.1742411,"Helena, AR",-84.6535468
33.0095802,"Helena, AR",-83.5337816
37.3058839,"Helena, AR",-89.51814759999999
36.4853478,"Helena, AR",-93.73213779999999
41.7303793,"Helena, AR",-71.2825493
29.7335616,"Helena, AR",-95.23021229999999
38.3867344,"Helena, AR",-85.2569005
38.2117501,"Helena, AR",-82.8971105
40.2067884,"Helena, AR",-75.099807
43.3361323,"Helena, AR",-85.8108819
30.2751945,"Helena, AR",-89.78117449999999
29.6196787,"Helena, AR",-95.6349463
38.7317431,"Helena, AR",-82.9976742
37.3900893,"Helena, AR",-83.6226907
38.9592201,"Helena, AR",-85.8902547
33.3528264,"Helena, AR",-111.789027
39.158168,"Helena, AR",-75.5243682
38.1040864,"Helena, AR",-122.2566367
31.5307349,"Helena, AR",-83.8354542
33.8312185,"Helena, AR",-87.2775053
48.0517637,"Helena, AR",-122.1770818
40.8509333,"Helena, AR",-73.9701381
40.1212211,"Helena, AR",-75.1551748
42.4930708,"Helena, AR",-89.0367763
45.8343543,"Helena, AR",-109.9540644
47.377073,"Helena, AR",-120.1439523
40.80641869999999,"Helena, AR",-73.1241488
41.69864159999999,"Helena, AR",-88.0683955
33.1958696,"Helena, AR",-117.3794834
43.4243008,"Helena, AR",-70.5141622
21.3069444,"Helena, AR",-157.8583333
42.8678693,"Helena, AR",-71.49483219999999
33.6070215,"Helena, AR",-86.0187907
39.874167,"Helena, AR",-75.71805599999999
31.2232313,"Helena, AR",-85.3904888
32.5484637,"Helena, AR",-98.36921609999999
40.7453169,"Helena, AR",-86.7647343
34.9530337,"Helena, AR",-120.4357191
44.1512867,"Helena, AR",-72.0367187
37.9972645,"Helena, AR",-91.61432239999999
34.5286985,"Helena, AR",-86.2533163
41.3645382,"Helena, AR",-74.1059775
44.0606281,"Helena, AR",-70.39366749999999
43.0355531,"Helena, AR",-85.8278002
39.0520169,"Helena, AR",-82.6365536
26.151701,"Helena, AR",-80.320787
37.68717609999999,"Helena, AR",-97.33005299999999
28.5494447,"Helena, AR",-81.77285429999999
42.1959798,"Helena, AR",-73.362008
45.1872112,"Helena, AR",-87.12094499999999
32.0835407,"Helena, AR",-81.09983419999999
43.0622189,"Helena, AR",-89.3340068
47.61626829999999,"Helena, AR",-122.0355736
33.2776182,"Helena, AR",-85.0979973
43.2984078,"Helena, AR",-72.4823117
38.6608855,"Helena, AR",-90.42261800000001
32.8323225,"Helena, AR",-79.82842579999999
34.0659329,"Helena, AR",-84.6768796
33.1506744,"Helena, AR",-96.82361159999999
35.9216748,"Helena, AR",-81.17688129999999
35.7884241,"Helena, AR",-83.55433289999999
41.9239178,"Helena, AR",-89.0687073
40.9242652,"Helena, AR",-74.3020933
33.5414884,"Helena, AR",-112.3755018
41.1367274,"Helena, AR",-80.0092239
35.8934716,"Helena, AR",-79.43001989999999
43.6230323,"Helena, AR",-96.942555
36.199867,"Helena, AR",-78.7222261
36.8252277,"Helena, AR",-119.7029194
34.2542084,"Helena, AR",-110.0298327
29.95106579999999,"Helena, AR",-90.0715323
20.757508,"Helena, AR",-155.988407
41.6111456,"Helena, AR",-87.63476829999999
42.7653662,"Helena, AR",-71.46756599999999
32.6789476,"Helena, AR",-115.4988834
47.6540456,"Helena, AR",-118.149973
33.5968913,"Helena, AR",-117.6581562
32.9786566,"Helena, AR",-115.530267
33.9791793,"Helena, AR",-118.032844
32.8024577,"Helena, AR",-117.2355851
33.1433723,"Helena, AR",-117.1661449
35.4356433,"Helena, AR",-83.819065
30.2949457,"Helena, AR",-82.98402000000002
35.5334379,"Helena, AR",-82.910691
44.2275119,"Helena, AR",-69.88642589999999
38.9383017,"Helena, AR",-104.6009415
39.9567548,"Helena, AR",-86.01335
41.5731442,"Helena, AR",-87.7932939
43.0362094,"Helena, AR",-71.1833857
41.8239891,"Helena, AR",-71.4128343
31.5785074,"Helena, AR",-84.15574099999999
32.39764359999999,"Helena, AR",-90.1589761
48.5023752,"Helena, AR",-119.506439
40.4248665,"Helena, AR",-111.7979285
35.24945659999999,"Helena, AR",-112.1910031
35.6368759,"Helena, AR",-120.6545022
44.4488805,"Helena, AR",-88.0603806
44.5337469,"Helena, AR",-78.9006484
30.5043583,"Helena, AR",-90.46119949999999
30.0035365,"Helena, AR",-91.81872849999999
33.5215013,"Helena, AR",-84.3538128
33.2183701,"Helena, AR",-117.0341967
33.9172357,"Helena, AR",-118.0120086
31.9671661,"Helena, AR",-86.2842749
38.4278605,"Helena, AR",-82.457099
38.7651145,"Helena, AR",-76.8983059
47.9679724,"Helena, AR",-92.8082268
36.7468422,"Helena, AR",-119.7725868
36.7065338,"Helena, AR",-78.0313851
34.0211224,"Helena, AR",-118.3964665
42.4857853,"Helena, AR",-91.4579698
38.2212146,"Helena, AR",-81.4278932
47.4234599,"Helena, AR",-120.3103494
41.5218243,"Helena, AR",-71.2834538
36.3898068,"Helena, AR",-95.6457951
40.5939636,"Helena, AR",-74.6049061
34.1283442,"Helena, AR",-117.2086513
28.0197404,"Helena, AR",-82.7717684
43.331691,"Helena, AR",-83.7380194
41.7712762,"Helena, AR",-73.0598438
47.91287560000001,"Helena, AR",-122.0981847
42.0883603,"Helena, AR",-87.98062650000001
43.0116784,"Helena, AR",-88.2314813
47.7542651,"Helena, AR",-122.1634581
33.7414085,"Helena, AR",-118.1047682
42.3732216,"Helena, AR",-72.5198537
32.4420826,"Helena, AR",-97.7941967
41.7898354,"Helena, AR",-69.9897323
27.862801,"Helena, AR",-82.84843730000001
42.97218609999999,"Helena, AR",-85.95402179999999
29.8849441,"Helena, AR",-97.6699996
36.0628,"Helena, AR",-106.1194685
33.7879139,"Helena, AR",-117.8531007
45.2622655,"Helena, AR",-122.6921006
34.3608341,"Helena, AR",-117.6333884
42.9133602,"Helena, AR",-85.7053085
32.6636254,"Helena, AR",-116.2738148
45.0677425,"Helena, AR",-91.1468118
30.0847449,"Helena, AR",-81.71837330000001
27.8964147,"Helena, AR",-81.8431374
36.7855543,"Helena, AR",-108.6870322
33.7666873,"Helena, AR",-116.3591772
35.7201463,"Helena, AR",-79.1772371
39.3995008,"Helena, AR",-84.5613355
29.50608159999999,"Helena, AR",-81.9453664
41.4901024,"Helena, AR",-71.3128285
44.96218409999999,"Helena, AR",-69.1225343
33.3764196,"Helena, AR",-117.2511466
26.9620053,"Helena, AR",-82.3525952
44.7202096,"Helena, AR",-68.7904626
35.2378197,"Helena, AR",-106.6066926
35.1359386,"Helena, AR",-114.5285981
39.8208925,"Helena, AR",-84.01937889999999
35.8826369,"Helena, AR",-80.0819879
35.5950581,"Helena, AR",-82.5514869
39.41426879999999,"Helena, AR",-77.4105409
32.8342952,"Helena, AR",-97.2289029
43.7508284,"Helena, AR",-87.71453
35.8456213,"Helena, AR",-86.39027
35.4211529,"Helena, AR",-105.5589028
34.9809995,"Helena, AR",-79.2241997
41.7475933,"Helena, AR",-74.0868095
36.7282054,"Helena, AR",-76.5835621
32.8767389,"Helena, AR",-117.1382404
34.0262082,"Helena, AR",-86.3260923
42.279286,"Helena, AR",-71.4161565
42.7980925,"Helena, AR",-77.67651839999999
34.4626671,"Helena, AR",-78.1011055
31.4637723,"Helena, AR",-100.4370375
34.9918587,"Helena, AR",-90.0022958
35.1128642,"Helena, AR",-91.8223618
37.4223414,"Helena, AR",-81.0161994
37.8388779,"Helena, AR",-120.2308167
32.3717248,"Helena, AR",-112.8607099
41.7798226,"Helena, AR",-71.4372796
37.948544,"Helena, AR",-91.7715303
37.3637534,"Helena, AR",-79.289749
41.621488,"Helena, AR",-72.7456519
28.7091433,"Helena, AR",-100.4995214
34.85261759999999,"Helena, AR",-82.3940104
42.0655986,"Helena, AR",-94.86727929999999
34.1898566,"Helena, AR",-118.451357
29.9840922,"Helena, AR",-90.1528519
35.3459867,"Helena, AR",-79.4169711
45.5198364,"Helena, AR",-123.1106631
34.5406622,"Helena, AR",-94.1602075
33.3048479,"Helena, AR",-83.6832289
30.6163073,"Helena, AR",-92.057063
39.60677889999999,"Helena, AR",-75.83327179999999
37.0619736,"Helena, AR",-97.0383712
26.2378597,"Helena, AR",-80.1247667
27.5875357,"Helena, AR",-82.4250941
27.816415,"Helena, AR",-80.4706078
27.2730492,"Helena, AR",-80.3582261
34.5959265,"Helena, AR",-92.48904689999999
36.967093,"Helena, AR",-91.4241426
61.5813889,"Helena, AR",-149.4394444
32.2704245,"Helena, AR",-97.17917589999999
30.35825059999999,"Helena, AR",-90.06563109999999
41.2956937,"Helena, AR",-74.7839936
35.9250637,"Helena, AR",-86.8688899
43.0717552,"Helena, AR",-70.7625532
31.4701766,"Helena, AR",-84.117684
30.9732384,"Helena, AR",-87.2638628
47.83833689999999,"Helena, AR",-100.9334809
42.4030613,"Helena, AR",-85.414341
33.4255104,"Helena, AR",-111.9400054
34.24287169999999,"Helena, AR",-85.76857799999999
29.2366172,"Helena, AR",-89.9872941
39.9090924,"Helena, AR",-74.1549173
35.1484549,"Helena, AR",-81.8609371
37.8280961,"Helena, AR",-92.17766639999999
26.6617635,"Helena, AR",-80.2683571
38.4429658,"Helena, AR",-120.6307628
33.1458543,"Helena, AR",-96.89460369999999
33.5684605,"Helena, AR",-117.7262981
42.6193625,"Helena, AR",-112.0110712
34.0555693,"Helena, AR",-117.1825381
45.1721192,"Helena, AR",-122.4374803
42.21420639999999,"Helena, AR",-83.14992389999999
36.4993007,"Helena, AR",-80.6072858
35.4798757,"Helena, AR",-79.1802994
34.5216915,"Helena, AR",-93.0423545
42.2178171,"Helena, AR",-85.89112460000001
34.2031662,"Helena, AR",-86.15209689999999
37.9737114,"Helena, AR",-82.0173502
33.4956744,"Helena, AR",-88.4272627
40.1983884,"Helena, AR",-83.0100987
40.23981180000001,"Helena, AR",-76.9199742
35.4087517,"Helena, AR",-80.579511
40.3887489,"Helena, AR",-75.79142000000002
39.9703958,"Helena, AR",-74.0687475
36.4993007,"Helena, AR",-80.6072858
44.9591352,"Helena, AR",-89.6301221
39.45611780000001,"Helena, AR",-98.10615949999999
34.0339031,"Helena, AR",-117.3136544
47.4017661,"Helena, AR",-122.3242901
40.2628184,"Helena, AR",-85.675809
42.3211522,"Helena, AR",-85.17971419999999
38.0466779,"Helena, AR",-97.34503649999999
32.2987573,"Helena, AR",-90.1848103
41.10867229999999,"Helena, AR",-89.9731798
38.291238,"Helena, AR",-76.63579419999999
39.7674578,"Helena, AR",-94.84668099999999
33.4487183,"Helena, AR",-86.7877668
37.3856044,"Helena, AR",-93.9532705
40.82982,"Helena, AR",-75.07767470000002
36.4192723,"Helena, AR",-82.3048542
40.9939865,"Helena, AR",-74.3034823
42.2411499,"Helena, AR",-83.61299389999999
34.6081774,"Helena, AR",-82.113438
38.3553236,"Helena, AR",-87.5675222
41.6144325,"Helena, AR",-94.017453
33.0185039,"Helena, AR",-80.17564809999999
37.1379265,"Helena, AR",-76.8352384
37.9532584,"Helena, AR",-120.4226952
32.3643098,"Helena, AR",-88.703656
26.1224386,"Helena, AR",-80.13731740000001
30.4879678,"Helena, AR",-90.86148779999999
44.0316013,"Helena, AR",-70.1043704
40.0942664,"Helena, AR",-75.9113306
34.2819461,"Helena, AR",-118.4389719
42.1391927,"Helena, AR",-87.9289591
40.174405,"Helena, AR",-74.5228916
36.0318578,"Helena, AR",-84.027655
45.5204982,"Helena, AR",-109.4429444
30.6265697,"Helena, AR",-81.46085599999999
31.0404625,"Helena, AR",-84.87909110000001
37.4137536,"Helena, AR",-79.14224639999999
43.7570196,"Helena, AR",-71.6881528
44.2780432,"Helena, AR",-88.27205029999999
45.2869936,"Helena, AR",-69.5011619
41.49932,"Helena, AR",-81.6943605
41.0393413,"Helena, AR",-96.3683157
60.4877778,"Helena, AR",-151.0583332
39.6477653,"Helena, AR",-104.9877597
64.8377778,"Helena, AR",-147.7163888
37.2295733,"Helena, AR",-80.4139393
40.1672068,"Helena, AR",-105.1019275
35.6224561,"Helena, AR",-117.6708966
32.5437448,"Helena, AR",-86.2119127
47.8206605,"Helena, AR",-121.5551087
26.640628,"Helena, AR",-81.8723084
30.4368954,"Helena, AR",-95.59849249999999
31.549333,"Helena, AR",-97.1466695
35.1520266,"Helena, AR",-86.57055079999999
46.7217735,"Helena, AR",-92.46118249999999
42.8208653,"Helena, AR",-82.486024
30.0774307,"Helena, AR",-99.24032129999999
40.7494306,"Helena, AR",-73.18817810000002
36.4745636,"Helena, AR",-81.80483799999999
29.99883059999999,"Helena, AR",-95.1765978
38.3565773,"Helena, AR",-121.9877444
39.9928848,"Helena, AR",-75.7452225
38.682219,"Helena, AR",-104.7008056
37.2602994,"Helena, AR",-100.5926524
38.6779591,"Helena, AR",-121.1760583
33.2098407,"Helena, AR",-87.56917349999999
33.7748275,"Helena, AR",-84.2963123
44.2444473,"Helena, AR",-86.324253
55.3397222,"Helena, AR",-160.4972222
40.688432,"Helena, AR",-75.2207323
28.1511243,"Helena, AR",-82.4614831
34.5400242,"Helena, AR",-112.4685025
42.1211364,"Helena, AR",-88.2578582
42.5005583,"Helena, AR",-90.66457179999999
46.7207737,"Helena, AR",-92.10407959999999
36.0156178,"Helena, AR",-86.5819394
28.3647248,"Helena, AR",-82.1959178
40.6576022,"Helena, AR",-73.58318349999999
40.5649781,"Helena, AR",-111.8389726
47.106401,"Helena, AR",-104.7107931
34.2367621,"Helena, AR",-84.4907621
36.1699412,"Helena, AR",-115.1398296
39.8597208,"Helena, AR",-95.26969849999999
39.9205411,"Helena, AR",-105.0866504
43.9595707,"Helena, AR",-122.8203521
41.5048158,"Helena, AR",-73.9695832
44.3947873,"Helena, AR",-68.0830278
41.0715209,"Helena, AR",-76.13054799999999
41.1575566,"Helena, AR",-81.2420473
34.2308684,"Helena, AR",-111.3251355
42.8781345,"Helena, AR",-73.1967741
39.900076,"Helena, AR",-79.71643259999999
42.0834335,"Helena, AR",-71.0183787
33.740225,"Helena, AR",-88.41168809999999
33.8756601,"Helena, AR",-84.7621592
41.8443125,"Helena, AR",-74.0810669
41.61009689999999,"Helena, AR",-75.58588859999999
40.09944249999999,"Helena, AR",-74.9325683
39.4622357,"Helena, AR",-76.27722229999999
41.3983838,"Helena, AR",-81.8045788
38.2206101,"Helena, AR",-90.3959543
40.2731911,"Helena, AR",-76.8867008
33.7090212,"Helena, AR",-117.9544069
40.7973112,"Helena, AR",-75.9693707
48.4106373,"Helena, AR",-114.3352652
43.969246,"Helena, AR",-70.5211945
44.5211855,"Helena, AR",-68.9978129
40.2136754,"Helena, AR",-74.3000878
43.4799996,"Helena, AR",-72.3865679
39.41535200000001,"Helena, AR",-81.45484359999999
38.4021359,"Helena, AR",-122.8238806
34.7370639,"Helena, AR",-82.25428339999999
39.9613759,"Helena, AR",-105.5108312
33.6619819,"Helena, AR",-112.3412726
33.5805955,"Helena, AR",-112.2373779
39.1416692,"Helena, AR",-94.9385762
41.7033177,"Helena, AR",-93.05735330000002
37.9621457,"Helena, AR",-122.3455263
34.0232431,"Helena, AR",-84.3615555
45.3980205,"Helena, AR",-92.9874404
40.5980321,"Helena, AR",-76.514138
39.45192249999999,"Helena, AR",-108.0528529
28.3180688,"Helena, AR",-80.6659842
41.2841687,"Helena, AR",-72.8684565
41.1339449,"Helena, AR",-81.48455849999999
39.8201681,"Helena, AR",-74.9851678
41.7020781,"Helena, AR",-70.1515342
47.9891595,"Helena, AR",-108.6943234
42.9097484,"Helena, AR",-85.7630885
43.353627,"Helena, AR",-73.6771662
40.7893796,"Helena, AR",-75.329557
35.7234734,"Helena, AR",-79.4622431
22.0781234,"Helena, AR",-159.6699064
40.2859203,"Helena, AR",-74.348582
42.2959267,"Helena, AR",-71.71284709999999
43.1303407,"Helena, AR",-77.475551
40.0044908,"Helena, AR",-85.3846928
41.6893961,"Helena, AR",-106.4140868
42.86512980000001,"Helena, AR",-71.3739272
34.5378842,"Helena, AR",-94.0954828
41.88550310000001,"Helena, AR",-86.5898397
44.7319094,"Helena, AR",-93.21772000000001
43.4252776,"Helena, AR",-88.1834277
42.0324025,"Helena, AR",-87.7416246
41.91030680000001,"Helena, AR",-88.0717353
44.372845,"Helena, AR",-70.346726
44.9281049,"Helena, AR",-74.891865
40.4656244,"Helena, AR",-80.0656106
38.801953,"Helena, AR",-94.4527294
39.8309293,"Helena, AR",-77.2310955
40.480069,"Helena, AR",-79.9783862
41.6650487,"Helena, AR",-86.075836
32.8140177,"Helena, AR",-96.9488945
42.4891531,"Helena, AR",-95.545003
42.6064095,"Helena, AR",-83.1497751
30.1765914,"Helena, AR",-85.8054879
34.1954331,"Helena, AR",-79.7625625
42.1156308,"Helena, AR",-75.95880919999999
42.7875235,"Helena, AR",-86.1089301
32.5007037,"Helena, AR",-94.74048909999999
33.656228,"Helena, AR",-83.718231
36.7473114,"Helena, AR",-95.98081789999999
39.0275659,"Helena, AR",-83.91965200000001
35.3726629,"Helena, AR",-77.4374641
33.6412156,"Helena, AR",-117.9188221
35.529051,"Helena, AR",-77.40107619999999
37.0833893,"Helena, AR",-88.6000478
34.2163937,"Helena, AR",-119.0376023
31.5279399,"Helena, AR",-87.32470769999999
41.09342900000001,"Helena, AR",-75.0018401
34.9387279,"Helena, AR",-82.2270568
28.927019,"Helena, AR",-82.0037608
32.6781085,"Helena, AR",-117.0991967
32.5215587,"Helena, AR",-81.8503916
39.02284849999999,"Helena, AR",-94.7151865
39.49257009999999,"Helena, AR",-117.0672356
40.72815749999999,"Helena, AR",-74.0776417
39.3331197,"Helena, AR",-82.9824019
30.2999195,"Helena, AR",-99.2442144
38.96367710000001,"Helena, AR",-84.0807664
35.131547,"Helena, AR",-79.42947889999999
36.1958946,"Helena, AR",-85.44858490000001
41.8650534,"Helena, AR",-80.7898089
33.8358492,"Helena, AR",-118.3406288
34.0966764,"Helena, AR",-117.7197785
40.6259316,"Helena, AR",-75.37045789999999
38.4318551,"Helena, AR",-120.5718719
42.9317335,"Helena, AR",-76.5660529
34.1466467,"Helena, AR",-118.8073729
36.8524545,"Helena, AR",-121.4016021
46.146779,"Helena, AR",-122.9084445
40.6128161,"Helena, AR",-89.45926089999999
43.4442432,"Helena, AR",-71.6472988
43.02137829999999,"Helena, AR",-96.6308708
42.9627564,"Helena, AR",-91.8082167
40.7127753,"Helena, AR",-74.0059728
35.0525909,"Helena, AR",-83.19681729999999
40.1606666,"Helena, AR",-74.0679753
42.0834313,"Helena, AR",-71.396725
39.0925597,"Helena, AR",-84.5474435
41.143245,"Helena, AR",-81.8552196
36.910231,"Helena, AR",-121.7568946
36.9752283,"Helena, AR",-121.953293
40.0578384,"Helena, AR",-74.1371832
33.7454725,"Helena, AR",-117.867653
46.2856907,"Helena, AR",-119.2844621
21.5841667,"Helena, AR",-158.1519444
36.70983349999999,"Helena, AR",-81.9773482
45.4312294,"Helena, AR",-122.7714861
41.4651134,"Helena, AR",-81.3509416
36.2806939,"Helena, AR",-80.3592197
44.9537029,"Helena, AR",-93.0899578
34.456151,"Helena, AR",-118.5713823
27.8187623,"Helena, AR",-82.1496049
45.9484045,"Helena, AR",-93.07540759999999
33.7444613,"Helena, AR",-118.3870173
45.1977428,"Helena, AR",-93.3871758
35.5843235,"Helena, AR",-78.80001279999999
46.50992249999999,"Helena, AR",-114.0931588
30.7265747,"Helena, AR",-90.50898149999999
27.7518284,"Helena, AR",-82.6267345
45.6769979,"Helena, AR",-111.0429339
30.4876954,"Helena, AR",-87.69970939999999
42.0307812,"Helena, AR",-93.63191309999999
47.5403732,"Helena, AR",-122.6362492
36.2731957,"Helena, AR",-79.0475115
34.0028786,"Helena, AR",-84.1446376
34.0928092,"Helena, AR",-118.3286614
37.4653757,"Helena, AR",-76.964306
40.5884373,"Helena, AR",-73.65790799999999
44.8041322,"Helena, AR",-93.1668858
42.6072552,"Helena, AR",-83.9293952
36.933433,"Helena, AR",-82.6290459
36.3134397,"Helena, AR",-82.3534727
40.3470543,"Helena, AR",-74.0643065
30.8327022,"Helena, AR",-83.2784851
41.7020432,"Helena, AR",-72.30119169999999
41.0997803,"Helena, AR",-80.6495194
42.0925258,"Helena, AR",-88.8512063
33.4355977,"Helena, AR",-112.3496021
35.9910383,"Helena, AR",-106.0818233
44.9592231,"Helena, AR",-70.1539542
34.433237,"Helena, AR",-117.6467917
30.6649119,"Helena, AR",-97.9225161
30.4382559,"Helena, AR",-84.28073289999999
30.3088076,"Helena, AR",-89.33004609999999
33.5442781,"Helena, AR",-84.23380929999999
32.8406946,"Helena, AR",-83.6324022
38.4192496,"Helena, AR",-82.44515400000002
40.5800669,"Helena, AR",-79.7667151
38.3606736,"Helena, AR",-75.5993692
30.2111627,"Helena, AR",-85.8671863
43.4100107,"Helena, AR",-86.34867919999999
39.9547861,"Helena, AR",-82.81211909999999
40.8845903,"Helena, AR",-77.1411474
40.1201443,"Helena, AR",-123.8233635
40.0378755,"Helena, AR",-76.3055144
42.0886576,"Helena, AR",-85.2347051
20.6738377,"Helena, AR",-87.0231713
30.1493838,"Helena, AR",-96.68608619999999
42.8077958,"Helena, AR",-87.92424799999999
36.1034126,"Helena, AR",-84.1318632
32.8383828,"Helena, AR",-116.9739167
25.9860762,"Helena, AR",-80.30356019999999
33.2486638,"Helena, AR",-111.6342993
42.3875968,"Helena, AR",-71.0994968
44.448423,"Helena, AR",-95.79119159999999
39.0826135,"Helena, AR",-74.82377860000001
30.54269949999999,"Helena, AR",-97.5466702
29.4749754,"Helena, AR",-81.1270035
29.4086072,"Helena, AR",-81.2518833
45.8774469,"Helena, AR",-92.3674164
38.7881062,"Helena, AR",-90.4974359
39.768403,"Helena, AR",-86.158068
21.4022222,"Helena, AR",-157.7394444
30.6953657,"Helena, AR",-88.0398912
38.5025537,"Helena, AR",-90.62790439999999
42.963947,"Helena, AR",-78.73780909999999
34.4212052,"Helena, AR",-84.1190804
37.7944939,"Helena, AR",-92.13484129999999
48.24770729999999,"Helena, AR",-116.3071234
42.63839249999999,"Helena, AR",-79.0278156
34.1336186,"Helena, AR",-117.9075627
47.5666668,"Helena, AR",-122.3867537
41.3556539,"Helena, AR",-72.0995209
42.1048228,"Helena, AR",-70.9453218
34.5291253,"Helena, AR",-90.5900273
