Alabama,Alaska,Arizona,Arkansas,California,Colorado,Connecticut,Delaware,Florida,Georgia,Hawaii,Idaho,Illinois,Indiana,Iowa,Kansas,Kentucky,Louisiana,Maine,Maryland,Massachusetts,Michigan,Minnesota,Mississippi,Missouri,Montana,Nebraska,Nevada,New Hampshire,New Jersey,New Mexico,New York,North Carolina,North Dakota,Ohio,Oklahoma,Oregon,Pennsylvania,Rhode Island,South Carolina,South Dakota,Tennessee,Texas,Utah,Vermont,Virginia,Washington,West Virginia,Wisconsin,Wyoming,year
3444165,300382,1770900,1923295,19953134,2207259,3031709,548104,6789443,4589575,768561,712567,11113976,5193669,2824376,2246578,3218706,3641306,992048,3922399,5689170,8875083,3804971,2216912,4676501,694409,1483493,488738,737681,7168164,1016e3,18236967,5082059,617761,10652017,2559229,2091385,11793909,946725,2590516,665507,3923687,11196730,1059273,444330,4648494,3409169,1744237,4417731,332416,1970
3521055.5855,304573.2765,1883530.598,1991177.89,20079408.9395,2317557.3695,3029244.796,552317.516,7062926.579,4689905.1575,790709.647,756064.9065,11203100.7225,5258256.241,2860207.742,2261894.9075,3305914.6985,3747936.6685,1005638.091,3929780.3755,5678481.468,8962846.9415,3838548.7635,2274075.7995,4713059.8615,712790.0235,1502246.025,526575.679,753573.719,7186454.4885,1053603.021,18104627.501,5188453.9685,625483.59,10689984.7705,2638314.175,2183641.1885,11817608.6135,942238.719,2661448.5595,671349.494,4037424.5635,11556933.513,1118359.6345,452142.806,4709135.2735,3490894.4165,1797912.5055,4464238.4555,359573.7955,1971
3589352.317333333,310402.7608888889,1990800.4373333333,2050559.5111111111,20271794.096,2416167.6471111113,3029453.496888889,556568.768,7342362.818666667,4785880.715555555,812261.8515555556,793990.272,11275917.155555556,5313147.510222223,2888695.967111111,2276143.222222222,3381568.8035555556,3841323.6302222223,1019226.9057777778,3942919.290666667,5671707.175111111,9037137.796444444,3870108.0124444445,2324032.6337777777,4745985.178666667,728681.968,1518211.2933333335,562118.2097777778,770180.6675555556,7204650.381333333,1088781.1813333333,17988097.314666666,5287039.168,632090.3422222222,10721277.321777778,2708767.0044444446,2265561.248,11836439.821333334,938938.4853333334,2727553.4915555557,676258.6675555556,4138299.2213333333,11900791.468444444,1172208.1093333333,459682.8791111111,4772063.283555555,3569774.7564444444,1842804.432888889,4505777.219555556,383186.0417777778,1972
3649618.0335,317752.42716666666,2093228.2110000001,2101997.098333333,20525931.6265,2503970.544833333,3032170.3386666668,560877.762,7627369.848,4878053.219166666,833229.9756666666,826736.0405,11333718.364166666,5359067.818666667,2910353.7823333335,2289423.0991666666,3446417.8211666667,3922252.336166667,1032787.5153333333,3961496.3535,5668668.884333333,9098919.268833334,3899865.867833333,2367252.5148333334,4775594.5005,742255.4945,1531590.895,595671.0913333333,787434.0246666666,7222901.7695,1121701.002,17886818.782,5378541.2395,637647.4466666667,10746447.321833333,2771118.0283333333,2337847.5445,11850836.5245,936756.963,2789157.643166667,680308.1496666666,4227218.3745,12229686.999333333,1221206.8815000001,466960.8103333333,4837186.431166667,3646091.3638333334,1879445.3901666666,4542735.230166666,403462.01183333335,1973
3702415.572,326504.24933333334,2191332.612,2146047.8866666667,20837463.688,2581846.7746666665,3037230.5573333334,565264.504,7917565.796,4966974.213333333,853626.3813333333,854695.156,11377797.413333334,5396742.1773333335,2925694.2946666665,2301834.6933333334,3501211.2573333336,3991508.237333333,1046292.9906666667,3985192.172,5669188.358666667,9149155.062666666,3928039.4506666665,2404205.4546666667,4802205.376,753681.264,1542586.92,627539.8226666667,805265.9693333333,7241358.744,1152529.004,17800234.244,5463686.824,642221.0933333334,10766047.438666666,2825897.7866666666,2401202.444,11861232.624,935626.816,2846587.8613333334,683571.5693333333,4305089.424,12545003.238666667,1265744.408,473987.19066666666,4904413.117333333,3720125.5826666667,1908367.9853333333,4575500.425333333,420610.97866666666,1974
3748307.7708333335,336540.2013888889,2285632.3333333335,2183269.111111111,21202032.4375,2650677.048611111,3044469.388888889,569749,8212568.791666666,5053195.243055556,873463.4305555555,878260.5625,11409447.368055556,5426895.597222222,2935230.611111111,2313478.159722222,3546698.6180555555,4049876.784722222,1059716.4027777778,4013687.3541666665,5673087.361111111,9188808.881944444,3954845.8819444445,2435361.465277778,4826135.354166667,763129.9375,1551401.4583333333,658029.9027777778,823608.6805555555,7260171.395833333,1181431.7083333333,17727786.041666668,5543202.5625,645877.4722222222,10780630.340277778,2873636.8194444445,2456328.3125,11868062.020833334,935480.7083333334,2900170.9930555555,686122.5555555555,4372819.770833333,12848123.319444444,1306209.1458333335,480772.6111111111,4973651.743055556,3792158.7569444445,1930104.826388889,4604460.743055556,434842.21527777775,1975
3787857.468,347742.2573333333,2376646.068,2214218.006666667,21615280.032,2711342.0786666665,3053722.0693333335,574351.256,8511996.964,5137267.8533333335,892753.4853333334,897825.204,11429961.293333333,5450253.089333333,2939475.8386666668,2324453.6533333333,3583629.4093333334,4098143.4293333334,1073030.8226666667,4046662.508,5680187.654666667,9218844.430666666,3980502.2826666664,2461190.5586666665,4847701.984,770772.176,1558236.6,687446.8306666666,842394.3373333333,7279489.816,1208575.636,17668916.516,5617815.096,648682.7733333333,10790748.694666667,2914865.6666666665,2503927.516,11871758.616,936251.304,2950233.885333333,688034.7373333334,4431316.816,13140430.374666667,1342989.5520000001,487327.66266666667,5044810.709333333,3862472.2306666668,1945188.5213333333,4630004.121333334,446364.99466666667,1976
3821627.5015000002,359992.39116666664,2464892.509,2239451.8083333336,22072848.6285,2764722.5768333334,3064823.8346666666,579091.278,8815468.442,5219743.589166666,911508.9076666667,913782.0245,11440632.254166666,5467539.664666667,2938943.084333333,2334861.3291666666,3612753.137166667,4137093.6221666667,1086209.3213333334,4083798.2415,5690311.002333334,9240225.412833333,4005225.7738333335,2482162.7468333333,4867222.8145,776778.6405,1563294.435,716096.1053333334,861555.1186666667,7299464.0955,1234127.308,17623068.008,5688251.0655000005,650703.1866666666,10796955.169833334,2950114.868333333,2544702.4205,11872756.3105,937871.267,2997103.3851666665,689381.7436666667,4481487.9605,13423307.537333332,1376474.0835,493662.9363333333,5117798.417166667,3931347.3478333335,1954151.6781666668,4652518.498166666,455388.58983333333,1977
3850180.709333333,373172.5768888889,2550890.3493333333,2259527.751111111,22570380.384,2811699.2551111113,3077609.9208888886,583989.072,9122601.354666665,5301173.995555555,929742.0595555556,926523.9680000001,11442753.315555556,5479480.334222222,2934145.455111111,2344801.342222222,3634819.3075555554,4167512.814222222,1099224.9697777778,4124775.162666667,5703279.167111111,9253915.532444445,4029233.4764444446,2498748.041777778,4885015.394666667,781319.992,1566777.0533333332,744283.2257777777,881023.2035555555,7320244.325333334,1258253.2453333333,17589682.858666666,5755237.112,652004.9022222222,10799802.433777777,2979914.9644444445,2579355.392,11871489.005333334,940273.2613333333,3041106.3395555555,690237.2035555555,4524240.605333334,13698137.940444443,1407051.1973333333,499789.02311111114,5192523.267555555,3999065.4524444444,1957526.9048888888,4672391.811555555,462122.2737777778,1978
3874079.9295,387164.7885,2635158.282,2275003.0700000003,23103517.4555,2853152.8255000003,3091915.564,589064.644,9433013.831,5382110.6175,947465.3030000001,936443.9785000001,11437617.5425,5486800.109,2925596.058,2354373.8475,3650577.4265,4190186.4565,1112050.839,4169273.8795,5718913.912,9260878.4935,4052742.5115,2511416.4555,4901397.2735,784566.8915,1568886.545,772313.691,900730.771,7341980.5965,1281119.969,17568203.408999998,5819499.8765,652654.11,10799843.1545,3004796.495,2608588.7965,11868390.6015,943389.951,3082569.5955,690674.746,4560482.1515,13966304.717,1435109.3505000002,505716.514,5268893.661499999,4065907.8885,1955846.8095,4690011.9995,466775.3195,1979
3893888,401851,2718215,2286435,23667902,2889964,3107576,594338,9746324,5463105,964691,943935,11426518,5490224,2913808,2363679,3660777,4205900,1124660,4216975,5737037,9262078,4075970,2520638,4916686,786690,1569825,800493,920610,7364823,1302894,17558072,5881766,652717,10797630,3025290,2633105,11863895,947154,3121820,690768,4591120,14229191,1461037,511456,5346818,4132156,1949644,4705767,469557,1980
3910217.566,417102.311,2800648.1465,2294430.5415,24258864.5625,2923111.384,3124411.135,599832.963,10062133.1295,5544789.3385,981427.439,949425.027,11410906.3655,5490551.4855,2899340.4585,2372830.4685,3666230.886,4215505.8395,1137020.5435,4267540.748,5757470.7045,9258603.955,4099167.6355,2526929.225,4931236.8855,787875.3855,1569813.631,829170.8025,940588.3985,7388964.7105,1323759.7575,17558763.2125,5942836.2875,652262.902,10793789.631,3041966.002,2653675.348,11858480.1935,951495.951,3159206.5795,690597.6355,4617149.8135,14488294.5165,1485256.8565,517019.9895,5426200.6655,4198133.978,1939488.521,4720090.442,470689.6875,1981
3923880.5013333336,432746.32355555554,2883321.1653333334,2299795.7564444444,24870489.240000002,2953965.1564444443,3142179.5555555555,605588.624,10379975.042666666,5628118.430222223,997666.6142222222,953482.256,11392868.766222222,5488879.912888889,2882936.8924444444,2381995.976888889,3668005.350222222,4220124.144888889,1149080.6391111112,4320559.810666666,5780039.340444445,9252051.057777777,4122725.401777778,2530992.831111111,4945556.290666667,788370.744,1569150.1413333334,858873.3511111111,960574.7902222222,7414771.237333333,1343973.2533333334,17569880.586666666,6003808.2,651373.7048888889,10789244.679111112,3055554.953777778,2671347.104,11852800.541333333,956337.8613333333,3195167.078222222,690272.4862222222,4639920.301333333,14745571.369777778,1508328.6453333334,522428.66044444445,5506929.966222222,4264337.401777778,1926100.1635555555,4733598.718222222,470448.1511111111,1982
3935738.487,448599.76533333334,2967166.4505,2303386.4721666668,25496548.5175,2983993.3896666667,3160624.5183333335,611647.891,10699366.7015,5714127.722833334,1013396.4463333334,956709.934,11374649.941833334,5486381.096833333,2865386.8311666665,2391356.762833333,3667230.010333333,4220942.029833334,1160783.4761666667,4375602.491,5804567.733166667,9244140.206666667,4147067.8551666667,2533578.0566666666,4960188.3385,788439.1785,1568151.357,890171.0491666667,980473.3278333333,7442651.1735,1363808.3975,17591059.9025,6065853.3625,650134.4373333333,10784991.768666666,3066827.290666667,2687236.511,11847554.4945,961599.667,3230161.419833333,689908.4268333333,4660868.4345,15003092.257166667,1530846.3455,527704.1081666667,5588890.191833333,4331304.6976666665,1910236.1553333334,4746953.912333333,469120.25916666666,1983
3946653.204,464479.364,3053116.396,2306058.516,26130814.88,3014664.156,3179489.28,618053.672,11019825.068,5803852.664,1028604.856,959711.308,11358494.632,5484226.852,2847479.804,2401094.064,3665034.484,4219146.608,1172072.244,4432239.092,5830880.708,9236592.3,4172619.552,2535434.14,4975677.152,788343.792,1567134.104,923634.3,1000188.164,7473013.112,1383539.1,17621936.94,6130143.4,648630.128,10782027.524,3076553.448,2702459.812,11843440.504,967201.304,3264649.528,689621.332,4681431.184,15262927.876,1553403.936,532868.428,5671965.632,4399574.292,1892653.724,4760818.108,466993.88,1984
3957486.3333333335,480201.84722222225,3142103.3958333335,2308667.715277778,26767060.8125,3047445.527777778,3198517.097222222,624848.875,11340867.104166666,5898328.701388889,1043279.7638888889,963089.625,11346647.576388888,5483588.993055556,2830005.340277778,2411389.1180555555,3662548.388888889,4215924.993055556,1182890.1319444445,4490039.916666667,5858803.090277778,9231128.236111112,4199805.048611111,2537310.3194444445,4992566.854166667,788347.6875,1566415.2083333333,959833.5069444445,1019623.4513888889,7506265.645833333,1403439.2708333333,17662147.479166668,6197849.9375,646945.8055555555,10781348.569444444,3085503.861111111,2718133.25,11841157.020833334,973062.7083333334,3299091.326388889,689527.0763888889,4703045.520833333,15527148.923611112,1576595.3958333333,537943.7152777778,5756040.576388889,4469684.611111111,1874110.0972222222,4775853.388888889,464356.88194444444,1985
3969099.556,495583.9426666667,3235059.844,2312069.8973333333,27399058.8,3083805.5773333334,3217451.2266666666,632076.408,11662009.772,5998591.282666666,1057409.0906666666,967448.132,11341353.514666667,5485639.334666667,2813752.9693333334,2422423.162666667,3660901.3426666665,4212464.298666666,1193180.3293333333,4548575.268,5888159.705333333,9229468.913333334,4229048.901333333,2539955.8333333335,5011401.568,788713.968,1566311.496,999339.0733333332,1038683.3426666667,7542817.368,1423782.82,17711327.3,6270144.6,645166.4986666667,10783951.529333333,3094448.9653333332,2735373.068,11841402.496,979103.816,3333946.7386666667,689741.5346666666,4727148.416,15797826.097333334,1601014.704,542952.0653333333,5840999.314666667,4542174.081333334,1855362.5026666666,4792721.838666666,461497.1333333333,1986
3982354.553,510442.378,3332918.1345,2317120.8895,28020581.3275,3125212.377,3236034.925,639779.179,11982770.0335,6105675.8555,1070980.757,973390.076,11344857.1865,5491549.6915,2799512.2205,2434377.4355,3661222.963,4209951.6385,1202886.0255,4607415.449,5918775.3785,9233335.23,4260775.6665,2544119.92,5032725.4165,789705.7365,1567139.793,1042721.4025000001,1057271.9905,7583076.8715,1444843.6575,17769112.1825,6348199.0125,643377.236,10790833.028,3104159.196,2755295.509,11844875.3805,985244.563,3369675.6885,690380.5815,4755176.8405,16077030.0945,1627255.8395,547915.5734999999,5926726.1365,4617581.129,1837168.168,4812085.541,458702.5025,1987
3998113.0053333333,524593.8808888888,3436610.6613333332,2324676.5191111113,28625400.880000003,3173133.9991111113,3254011.448888889,648000.096,12302664.850666666,6220617.867555556,1083982.6835555555,981518.704,11359403.331555557,5502491.878222222,2788072.623111111,2447433.174222222,3664642.8675555554,4209574.126222222,1211950.4097777777,4666130.762666667,5950474.935111111,9244448.084444445,4295409.900444444,2550551.8177777776,5057082.522666667,791586.096,1569216.9253333334,1090550.8977777776,1075293.5475555556,7627452.749333333,1466895.6933333334,17835137.906666666,6433184.8,641663.0462222223,10802989.689777778,3115404.9884444443,2779016.816,11852274.125333333,991404.8853333334,3406738.0995555557,691560.0915555556,4788567.765333333,16366831.612444445,1655912.7813333333,552856.3351111112,6013105.331555556,4696444.1804444445,1820284.3208888888,4834606.579555555,456260.85777777777,1988
4017236.594,537855.179,3547069.8185,2335592.6135,29207289.942500003,3229038.516,3271124.055,656782.067,12621211.1855,6344452.7665,1096402.791,992437.263,11387236.6895,5519637.7095,2780223.7065,2461771.6165,3672290.674,4212518.8755,1220316.6715,4724291.512,5983083.2005,9264528.375,4333376.1595,2560000.765,5085017.0095,794618.1494999999,1572859.719,1143397.9625,1092652.1665,7676353.5945,1490212.8375,17909040.2525,6526273.5875,640108.958,10821418.139,3128956.778,2807653.232,11864297.1815,997504.719,3445593.8955,693395.9395,4828758.1615,16669301.3485,1687579.5085,557796.4455,6100021.1895,4779301.6620000005,1805468.189,4860947.038,454460.0675,1989
4040587,550043,3665228,2350725,29760021,3294394,3287116,666168,12937926,6478216,1108229,1006749,11430602,5544159,2776755,2477574,3685296,4219973,1227928,4781468,6016425,9295297,4375099,2573216,5117073,799065,1578385,1201833,1109252,7730188,1515069,17990455,6628637,638800,10847115,3145585,2842321,11881643,1003464,3486703,696004,4877185,16986510,1722850,562758,6187358,4866692,1793477,4891769,453588,1990
4068776.8685,561028.4435,3791672.849,2370680.679,30278924.5975,3370179.0565,3301807.19,676181.718,13252410.562,6622539.7635,1119469.599,1024881.9095,11490950.9405,5576855.228,2778225.681,2494953.9935,3704471.7035,4232788.8945,1234752.486,4837322.4505,6050322.607,9337843.8625,4420830.1155,2590714.0725,5153605.8055,805112.7155,1586013.981,1266205.66,1125020.556,7789149.1405,1541648.6,18078856.73,6741075.8425,637805.502,10880706.9335,3165860.177,2883791.4655,11904789.5735,1009213.271,3530414.4395,699464.943,4934843.9435,17319955.294,1762146.9665,567753.507,6275020.1455,4958939.3855,1784880.7985,4927506.0945,453867.0275,1991
4101422.7013333333,570900.0968888889,3925613.0053333333,2395071.3431111113,30765563.52,3455414.423111111,3315324.1288888888,686770.704,13564603.362666667,6776443.243555555,1130214.3475555556,1046562.976,11566562.939555556,5617036.5262222225,2784273.5191111113,2513754.990222222,3729363.6035555555,4250480.078222223,1240857.8257777777,4891884.770666666,6084588.087111111,9390734.884444445,4470129.7484444445,2612080.777777778,5194215.490666667,812639.224,1595585.4213333332,1335982.5777777778,1139978.7635555556,7852568.517333333,1569778.0933333333,18173075.226666667,6862907.64,637131.9982222222,10921340.745777778,3189553.1804444445,2931456.384,11933333.061333334,1014725.5013333333,3576633.6515555554,703718.6195555555,5000965.4213333335,17668843.076444443,1805208.0453333333,572757.1271111111,6362992.379555556,5055511.068444445,1779500.896888889,4967678.131555555,455257.53777777776,1992
4137891.9645,579800.9195,4065912.358,2423259.858,31223058.6125,3548631.3705,3327869.97,697863.356,13874527.199000001,6938542.3745,1140573.373,1071343.9315,11654924.3635,5663640.691,2794305.932,2533752.8145,3759200.7595,4272225.3515,1246336.617,4945276.7885,6119030.954,9451904.9925,4522385.2785,2636669.2225,5238313.3085,821445.4185,1606842.467,1410409.635,1154170.9070000001,7919562.2135,1599194.445,18271779.075,6993079.0975,636770.324,10967793.2795,3216234.969,2984362.6135,11966649.1645,1019984.267,3625155.1765,708669.676,5074338.5545,18031806.223,1851599.6055,577733.434,6451279.5485,5155660.0635,1776971.4245,5011576.4665,457654.4225,1993
4177552.124,587873.8706666667,4211434.796,2454609.0893333335,31654530.72,3648361.169333333,3339647.8666666667,709388.072,14182204.868,7107453.090666667,1150656.8026666667,1098776.508,11753521.578666667,5715605.518666667,2807730.337333333,2554723.290666667,3793212.2306666668,4297203.514666666,1251281.4573333333,4997620.332,6153460.721333333,9519289.113333333,4576984.085333333,2663832.513333333,5285310.512,831332.192,1619528.264,1488732.7133333334,1167641.2706666666,7989246.312,1629634.62,18373636.86,7130536.92,636711.3146666667,11018841.377333334,3245476.5013333336,3041557.012,12004113.584,1024973.144,3675773.554666667,714222.7586666667,5153752.464,18407477.609333333,1900888.016,582647.0013333333,6539886.498666666,5258639.385333333,1776926.5106666666,5058492.454666667,460952.57333333336,1994
4219770.645833333,595261.9097222222,4361044.208333333,2488481.902777778,32063100.6875,3753135.0902777775,3350860.972222222,721273.25,14487659.166666666,7281791.326388889,1160574.763888889,1128412.4375,11859840.951388888,5771868.805555556,2823954.152777778,2576442.2430555555,3830627.076388889,4324593.368055556,1255784.9444444445,5049037.229166667,6187686.902777778,9590822.173611112,4633313.548611111,2692923.7569444445,5334618.354166667,842100.4375,1633385.9583333333,1570197.6944444445,1180434.138888889,8060736.895833333,1660835.5833333333,18477317.166666668,7274227.8125,636945.8055555555,11073261.881944444,3276848.736111111,3102086.4375,12045102.020833334,1029675.7083333334,3728283.326388889,720282.5138888889,5237996.270833333,18794490.111111112,1952639.6458333333,587462.4027777778,6628818.076388889,5363702.048611111,1779000.2847222222,5107717.451388889,465046.88194444444,1995
4263914.996,602107.996,4513604.484,2524241.164,32451889.36,3861484.404,3361712.44,733447.288,14790912.892,7460173.016,1170437.384,1159803.452,11971368.848,5831368.348,2842384.796,2598685.496,3870674.356,4353573.712,1259939.676,5099649.308,6221519.012,9664439.1,4690761.048,2723296.06,5385648.0879999995,853551.048,1648158.696,1654050.46,1192593.796,8133150.048,1692534.3,18581488.58,7423098.48,637464.632,11129831.636,3309922.632,3164997.748,12088990.176,1034075.536,3782479.032,726753.588,5325859.096,19191476.604000002,2006420.864,592144.2119999999,6718079.128,5470101.068,1782826.876,5158542.812,469832.24,1996
4309352.6405,608555.0888333333,4667979.512,2561249.7386666667,32824017.5825,3971940.3811666667,3372405.4233333333,745838.584,15091988.841,7641214.093833333,1180354.7903333334,1192501.2835,12085591.634833334,5893041.942333333,2862429.6846666667,2621228.873833333,3912583.1288333335,4383323.346833333,1263838.2496666666,5149578.3965,6254766.562666667,9738074.819166666,4748713.963166667,2754302.529166667,5437810.9665,865484.9165,1663589.623,1739536.8916666666,1204164.5263333335,8205601.8515,1724467.7349999999,18684819.685,7576095.6275,638258.6293333333,11187327.482166667,3344269.1476666667,3229337.8015,12135153.7505,1038156.203,3838155.211833333,733540.6273333334,5416130.0605,19597069.963666666,2061798.0395,596657.0026666666,6807674.499833333,5577089.458166666,1788040.4138333334,5210259.891833333,475203.5391666667,1997
4355451.045333333,614746.1475555556,4823033.181333333,2598870.4924444444,33182606.2,4083034.2924444443,3383143.0755555555,758375.536,15390909.810666667,7823530.494222222,1190437.1102222223,1226057.664,12199995.678222222,5955827.384888889,2883496.2364444444,2643848.200888889,3955582.4542222223,4413021.072888888,1267573.263111111,5198946.3226666665,6287239.068444445,9809664.257777778,4806559.673777778,2785296.271111111,5490518.242666666,877702.936,1679421.8853333334,1825902.871111111,1215190.6142222222,8277208.389333334,1756372.8533333333,18785979.066666666,7732165.96,639318.6328888889,11244526.26311111,3379459.2417777777,3294153.4560000002,12182968.445333334,1041901.2853333333,3895106.4062222224,740548.2782222222,5507598.285333334,20009903.06577778,2118337.5413333336,600965.3484444445,6897609.038222222,5683920.233777778,1794275.0275555556,5262160.046222222,481055.6711111111,1998
4401577.6765,620824.1315,4977629.381,2636466.291,33530776.0575,4193297.4085,3394128.55,770986.542,15687698.598,8005738.1515,1200794.471,1260024.3255,12312067.3445,6018662.472,2904991.869,2666319.3015,3998901.3915,4441845.6905,1271237.314,5247874.9145,6318746.043,9877142.3425,4863685.5594999995,2815630.3925,5543181.1695,890005.9995,1695398.629,1912394.2799999998,1225716.344,8347085.7445,1787986.62,18883635.31,7890256.1825,640635.478,11300204.8215,3415063.873,3358491.5695,12231809.9615,1045294.359,3953127.1555,747681.187,5599052.8915,20428608.786,2175605.7385,605033.823,6987887.5895,5789846.4095,1801164.8465,5313534.6305,487283.5275,1999
4447100,626932,5130632,2673400,33871648,4301261,3405565,783600,15982378,8186453,1211537,1293953,12419293,6080485,2926324,2688418,4041769,4468976,1274923,5296486,6349097,9938444,4919479,2844658,5595211,902195,1711263,1998257,1235786,8414350,1819046,18976457,8049313,642200,11353140,3450654,3421399,12281054,1048319,4012012,754844,5689283,20851820,2233169,608827,7078515,5894121,1808344,5363675,493782,2000
4491435.289,633201.838,5280973.8775,2709084.2505,34208031.2605,4405554.231,3417640.249,796148.125,16274953.9525,8364371.6245,1222770.751,1327430.47,12519317.6235,6140307.2325,2946946.1175,2709933.6345,4083477.691,4493657.7455,1278717.9385,5344883.023,6378101.9635,9991630.356,4973361.9475,2871778.738,5646056.7495,914086.2375,1726777.267,2082781.0635,1245439.1955,8478160.3225,1849305.8565,19063144.9615,8208357.2815,644006.174,11402182.634,3485840.564,3481991.585,12330120.3535,1050956.663,4071577.6595,761948.4045,5777165.9935,21278284.1775,2290627.9485,612311.3705,7169492.0975,5996039.867,1815484.054,5411918.201,500459.0795,2001
4534200.045333333,639722.2328888889,5427863.653333333,2743130.7351111113,34541488.624,4505197.839111111,3430480.800888889,808578.4,16565364.946666667,8538513.211555555,1234585.4835555556,1360183.72,12610420.643555555,6197439.302222222,2966495.991111111,2730709.598222222,4123573.2835555556,4515404.446222222,1282689.8257777777,5393095.890666666,6405572.999111111,10035267.332444444,5024894.644444444,2896578.401777778,5695318.482666667,925557.64,1741780.1893333334,2165433.1057777777,1254696.8595555555,8537848.213333333,1878592.6453333334,19142528.978666667,8366706.552,646060.5342222222,11446479.529777778,3520394.4364444446,3539661.08,12378605.181333333,1053180.3173333334,4131729.5715555553,768934.2515555555,5861932.301333333,21707207.164444443,2347720.2213333333,615461.0951111111,7260803.635555555,6095070.260444445,1822406.3208888888,5457784.043555556,507275.1537777778,2002
4575060.578,646570.8976666667,5570578.9175,2775200.9118333333,34873271.2635,4599310.455333333,3444197.8296666667,820842.125,16853532.6125,8707977.598166667,1247066.8836666667,1391974.785,12691040.101166667,6251265.809166667,2984657.4608333334,2750602.7981666666,4161664.9486666666,4533796.565166667,1286901.3778333333,5441136.126,6431322.6828333335,10068047.050333334,5073671.905833334,2918689.3243333334,5742634.0265,936502.5425,1756129.649,2245723.9128333335,1263575.2501666667,8592788.2575,1906750.7205,19213471.0755,8523752.5005,648372.7546666666,11485251.486333333,3554126.4713333333,3593868.22,12426148.7345,1054960.811,4192395.353166667,775748.4331666667,5942900.6145,22137909.400833335,2404217.7095,618252.2518333333,7352430.349166667,6190722.277333333,1828969.5496666667,5500838.028666667,514203.7098333333,2003
4613683.196,653825.5453333333,5708397.26,2804956.2386666667,35204630.352,4687010.710666667,3458902.5093333335,832890.6,17139378.58,8871864.621333333,1260300.6373333333,1422565.7,12759614.037333334,6301171.3533333335,3001114.3666666667,2769470.141333333,4197361.857333333,4548414.565333333,1291415.3106666666,5489015.252,6455163.590666667,10088661.630666666,5119288.546666667,2937743.8386666668,5787641.208,946814.28,1769683.528,2323164.270666667,1272090.6253333334,8642355.04,1933624.436,19274833.276,8678886.816,650952.5093333333,11517719.302666666,3586847.5226666667,3644073.74,12472391.264,1056268.992,4253502.621333334,782337.8413333333,6019389.624,22569711.326666668,2459892.304,620660.9186666666,7444352.973333334,6282506.014666666,1835032.4893333334,5540645.657333333,521218.23466666666,2004
4649734.208333333,661563.8888888889,5840596.270833334,2832058.173611111,35536817.0625,4767417.236111111,3474706.013888889,844675.125,17422824.479166668,9029274.118055556,1274372.4305555555,1451718.5,12814580.493055556,6346540.534722222,3015550.548611111,2787168.534722222,4230273.180555556,4558838.909722222,1296294.3402777778,5536744.791666667,6476908.298611111,10095803.194444444,5161339.381944444,2953374.277777778,5829977.854166667,956386.1875,1782299.7083333333,2397264.965277778,1280259.2430555555,8685923.145833334,1959058.1458333333,19325477.604166668,8831501.1875,653809.4722222222,11543103.777777778,3618368.4444444445,3689738.375,12516973.020833334,1057075.7083333333,4314978.993055556,788649.3680555555,6090718.020833333,23001933.381944444,2514515.8958333335,622663.1736111111,7536552.243055556,6369931.569444444,1840453.888888889,5576772.430555556,528292.2152777778,2005
4682879.924,669863.6413333333,5966453.54,2856168.174666667,35871082.568,4839648.662666666,3491719.5173333334,856147,17703791.94,9179305.925333334,1289367.9493333334,1479195.22,12854377.509333333,6386757.953333333,3027649.8466666667,2803554.885333333,4260008.089333333,4564650.061333333,1301601.1826666666,5584336.268,6496369.382666667,10088163.862666667,5199419.226666667,2965212.9746666667,5869281.792,965111.6,1793836.072,2467536.7826666664,1288097.3613333334,8722867.16,1982896.204,19364266.084,8980987.304,656953.3173333333,11560625.710666666,3648500.0906666666,3730322.86,12559534.256,1057351.808,4376752.085333333,794629.9053333333,6156204.496,23433896.006666668,2567860.376,624235.0946666667,7629008.893333334,6452509.0386666665,1845092.4973333334,5608783.849333333,535399.1386666667,2006
4712786.652,678802.5156666667,6085246.6575,2876947.6998333335,36208678.0415,4902823.621333333,3510054.1936666667,867257.525,17982202.5925,9321059.880166667,1305372.8796666667,1504757.895,12877443.127166666,6421208.2091666665,3037096.1008333336,2818486.100166667,4286175.7546666665,4565428.483166667,1307398.5538333333,5631801.204,6513359.418833333,10064435.756333333,5233122.895833333,2972892.2623333335,5905190.8485,972883.8525,1804150.501,2533490.5088333334,1295621.2381666666,8752561.6675,2004982.9645,19390060.7395,9126736.8545,660393.7186666667,11569505.900333334,3677053.3153333333,3765287.93,12599715.2205,1057068.139,4438749.515166666,800226.3451666667,6215167.7405,23864919.640833333,2619697.6355,625352.7598333333,7721703.659166667,6529748.519333333,1848807.0636666666,5636245.414666667,542512.4918333334,2007
4739120.701333333,688458.2248888889,6196253.213333333,2894058.207111111,36550854.656,4956060.743111111,3529821.2168888887,877958,18257978.066666666,9453635.819555555,1322472.9075555555,1528168.56,12882215.387555556,6449275.902222222,3043573.151111111,2831819.086222222,4308385.347555555,4560754.638222222,1313749.1697777777,5679151.122666666,6527690.983111111,10023310.996444445,5262045.204444445,2976044.473777778,5937342.850666666,979596.28,1813100.8773333333,2594636.9297777778,1302847.1315555556,8774381.253333334,2025162.7813333333,19401723.594666667,9268141.528,664140.3502222223,11568965.145777777,3703838.9724444444,3794094.32,12637156.165333332,1056195.5493333333,4500898.899555556,805385.5795555556,6266926.445333334,24294324.724444445,2669799.5653333333,625992.2471111111,7814617.275555556,6601160.108444445,1851456.3368888889,5658722.627555556,549605.7617777778,2008
4761548.381,698908.482,6298750.7975,2907161.1545,36898863.5845,4998478.659,3551131.761,888199.725,18531039.9925,9576133.5805,1340753.719,1549189.25,12867132.3315,6470345.6325,3046764.8375,2843410.7505,4326246.039,4550208.9895,1320715.7465,5726397.547,6539176.6515,9963481.704,5285780.9675,2974301.942,5965375.6255,985142.2175,1820545.083,2650486.8315,1309791.2995,8787700.5025,2043280.0085,19398116.6735,9404593.0135,668202.8859999999,11558224.246,3728667.916,3816202.765,12671497.3415,1054704.887,4563127.8555,810054.5005,6310799.3015,24721431.697499998,2717938.0565,626129.6345,7907730.4775,6666253.903,1852899.066,5675780.989,556652.4355,2009
4779736,710231,6392017,2915918,37253956,5029196,3574097,897934,18801310,9687653,1360301,1567582,12830632,6483802,3046355,2853118,4339367,4533372,1328361,5773552,6547629,9883640,5303925,2967297,5988927,989415,1826341,2700551,1316470,8791894,2059179,19378102,9535483,672591,11536504,3751351,3831074,12702379,1052567,4625364,814180,6346105,25145561,2763885,625741,8001024,6724540,1852994,5686986,563626,2010
4793349.867333333,722503.4918888889,6475329.410833334,2919990.201611111,37617383.0755,5047331.397111111,3598828.107888889,907112.125,19068709.719166666,9787293.915055556,1381200.4365555556,1583108.845,12771152.434055556,6489029.604722222,3042027.478611111,2860797.7417222224,4347357.401555556,4509824.132722222,1336747.6462777779,5820626.0046666665,6552860.604611111,9782478.005444445,5316072.116944444,2954661.9807777777,6007634.801166667,992307.9625,1830346.5103333334,2744340.2212777776,1322899.4910555556,8786336.330833333,2072704.1098333334,19340541.598166667,9660203.1765,677314.3662222222,11503025.206777778,3771699.0784444446,3838168.76,12729441.391833333,1049752.7363333334,4687534.950055555,817708.9700555556,6372162.231833333,25566033.071944445,2807412.2868333333,624802.4216111111,8094478.578055556,6775528.496444444,1851599.8878888888,5691903.161555556,570499.9422777778,2011
4802056.292,735803.6706666667,6547965.62,2919039.217333333,37990395.984,5052003.481333333,3625436.2586666667,915685.4,19333160.78,9874156.162666667,1403537.7146666667,1595531.82,12687131.674666667,6485413.046666667,3033466.1133333333,2866306.8826666665,4349826.414666667,4479145.850666666,1345938.4013333332,5867631.084,6554684.041333334,9658687.841333333,5321817.133333334,2936029.217333333,6021136.856,993714.44,1832419.496,2781365.2813333333,1329096.0306666666,8770402.08,2083699.692,19284297.492,9778145.232,682382.6586666667,11457008.665333332,3789523.0053333333,3836947.78,12752324.768,1046232.944,4749568.3226666665,820588.3026666667,6388289.688,25982168.35333333,2848291.808,623289.9773333333,8188074.946666666,6818729.489333333,1848575.4786666667,5690097.974666666,577247.7493333333,2012
4805521.583,750209.2493333333,6609203.2175,2912726.5051666666,38374245.8985,5042330.883666666,3654032.6263333336,923605.125,19594584.8125,9947339.579833332,1427398.5203333334,1604612.96,12577007.762833333,6472336.925833333,3020354.7441666666,2869502.3298333334,4346383.210333333,4440917.616833333,1355995.9811666666,5914578.761,6552911.886166667,9510961.628666667,5320754.864166667,2911031.0426666667,6029070.9915,993527.7675,1832417.839,2811136.9661666667,1335075.8768333334,8743465.8325,2092010.1005,19208231.7055,9888700.8555,687805.5513333334,11397675.174666667,3804633.634666667,3826871.795,12770669.3795,1041978.471,4811391.734833334,822764.8898333333,6393806.0595,26393287.284166668,2886295.4545,621179.7451666667,8281793.840833333,6853653.075666667,1843779.5213333333,5681135.940333334,583842.9081666666,2013
4803412.049333333,765797.9408888889,6658319.793333333,2900713.523111111,38770183.992,5017432.235111111,3684728.384888889,930822.6,19852903.446666665,10005944.003555555,1452868.5395555557,1610114.3,12439218.739555556,6449185.842222222,3002377.211111111,2870240.990222222,4336636.959555555,4394719.894222222,1366983.1017777778,5961480.558666667,6547356.715111111,9337991.488444444,5312480.124444445,2879299.7897777776,6031075.034666667,991641.28,1830199.4213333332,2833166.061777778,1340855.2875555556,8704902.173333334,2097479.689333333,19111206.262666665,9991261.736,693592.7182222222,11324245.533777777,3816841.8204444447,3807401.54,12784115.477333333,1036960.1653333333,4872932.803555556,824185.6235555556,6388030.037333333,26798710.304444443,2921195.1173333335,618447.8031111112,8375615.995555555,6879809.352444445,1837070.764888889,5664582.559555556,590258.9057777778,2014
4795394,782647.4583333334,6694592.9375,2882661.7291666665,39179461.4375,4976426.166666667,3717634.7083333335,937289.125,20108038.3125,10049069.270833334,1480033.4583333333,1611797.875,12272202.645833334,6415344.395833333,2979217.3541666665,2868379.7708333335,4320196.833333333,4340133.145833333,1378962.4791666667,6008348,6537831.104166667,9138469.541666666,5296587.729166667,2840467.7916666665,6026786.8125,987948.3125,1825622.125,2846963.3541666665,1346450.5208333333,8654085.6875,2099952.8125,18992083.1875,10085219.5625,699753.8333333334,11235940.541666666,3825958.4166666665,3777997.75,12792303.3125,1031148.875,4934119.145833333,824797.3958333334,6370280.3125,27197757.854166668,2952762.6875,615070.2291666666,8469522.145833334,6896708.416666667,1828307.9583333333,5640003.333333333,596469.2291666666,2015
4781133.744,800835.5146666666,6717300.24,2858232.581333333,39603329.408,4918431.309333333,3752862.770666667,942956,20359911.04,10075815.218666667,1508978.9626666666,1609425.72,12074397.522666667,6370197.1866666665,2950559.013333333,2863775.5786666665,4296672.002666667,4276737.834666667,1391996.8293333333,6055192.608,6524147.629333333,8911087.909333333,5272672.493333333,2794167.3813333334,6015844.152,982342.2,1818543.832,2852039.629333333,1351877.8346666666,8590390.96,2099273.824,18849724.504,10169966.024,706298.5706666666,11131980.997333333,3831794.277333333,3738121.16,12794873.136,1024515.448,4994878.378666666,824547.0986666667,6339875.576,27589750.373333335,2980770.056,611023.1013333333,8563493.026666667,6903860.365333334,1817349.8506666666,5606963.762666667,602447.3653333334,2016
